기간별 박스오피스 일별 엑셀,,,,,,,,,,,,,,,,,,,,,,,,,,,,,,,,,,,,,,,,,,,,,,,,,,,,,,
,,,,,,,,,,,,,,,,,,,,,,,,,,,,,,,,,,,,,,,,,,,,,,,,,,,,,,
[ 조회기간 : 2018-01-17 ~ 2018-01-23 ],,,,,,,,,,,,,,,,,,,,,,,,,,,,,,,,,,,,,,,,,,,,,,,,,,,,,,
,,,,,,,,,,,,,,,,,,,,,,,,,,,,,,,,,,,,,,,,,,,,,,,,,,,,,,
순위,영화명,개봉일,대표국적,국적,제작사,배급사,등급,장르,감독,배우,2018-01-17,,,,,,2018-01-18,,,,,,2018-01-19,,,,,,2018-01-20,,,,,,2018-01-21,,,,,,2018-01-22,,,,,,2018-01-23,,,,,,합계,
,,,,,,,,,,,매출액,누적매출액,관객수,누적관객수,스크린수,상영횟수,매출액,누적매출액,관객수,누적관객수,스크린수,상영횟수,매출액,누적매출액,관객수,누적관객수,스크린수,상영횟수,매출액,누적매출액,관객수,누적관객수,스크린수,상영횟수,매출액,누적매출액,관객수,누적관객수,스크린수,상영횟수,매출액,누적매출액,관객수,누적관객수,스크린수,상영횟수,매출액,누적매출액,관객수,누적관객수,스크린수,상영횟수,매출액,관객수
1,메이즈 러너: 데스 큐어,2018-01-17,미국,미국,,이십세기폭스코리아(주),12세이상관람가,"액션,SF,스릴러",웨스 볼,"딜런 오브라이언,토마스 생스터,카야 스코델라리오,이기홍","1,752,996,100","1,811,104,400","225,512","230,473",919,"3,807","1,299,525,600","3,110,630,000","166,420","396,893",979,"3,973","1,563,368,480","4,673,998,480","181,347","578,240","1,020","4,251","3,159,335,883","7,833,334,363","366,726","944,966","1,090","4,633","2,748,605,500","10,581,939,863","321,000","1,265,966","1,061","4,430","802,390,400","11,384,330,263","102,561","1,368,527",971,"4,049","721,019,000","12,105,349,263","92,064","1,460,591",969,"3,981","12,047,240,963","1,455,630"
2,그것만이 내 세상,2018-01-17,한국,한국,"(주)제이케이필름,씨제이이앤엠(주)",씨제이이앤엠(주),12세이상관람가,"코미디,드라마",최성현,"이병헌,윤여정,박정민,한지민,김성령,이주영","964,523,300","1,165,416,000","126,797","149,504",825,"3,491","856,045,100","2,021,461,100","112,992","262,496",833,"3,455","1,089,467,942","3,110,929,042","129,275","391,771",825,"3,471","2,185,659,448","5,296,588,490","259,766","651,537",856,"3,490","2,183,109,200","7,479,697,690","258,839","910,376",861,"3,423","770,551,400","8,250,249,090","100,645","1,011,021",843,"3,455","787,874,300","9,038,123,390","103,234","1,114,255",862,"3,485","8,837,230,690","1,091,548"
3,코코,2018-01-11,미국,미국,,월트디즈니컴퍼니코리아 유한책임회사,전체관람가,애니메이션,리 언크리치,"가엘 가르시아 베르날,앤서니 곤잘레스,벤자민 브랫","592,830,600","9,246,636,796","82,114","1,152,069",742,"2,078","612,011,200","9,858,647,996","85,272","1,237,341",753,"2,051","783,484,420","10,642,132,416","98,539","1,335,880",766,"2,185","1,890,180,317","12,532,312,733","235,545","1,571,425",927,"2,713","1,865,848,100","14,398,160,833","231,613","1,803,038",971,"2,818","500,954,400","14,899,115,233","68,326","1,871,364",788,"2,395","527,130,900","15,426,246,133","72,957","1,944,321",818,"2,385","6,772,439,937","874,366"
4,1987,2017-12-27,한국,한국,(주)우정필름,씨제이이앤엠(주),15세이상관람가,드라마,장준환,"김윤석,하정우,유해진,김태리,박희순,이희준,설경구,여진구,유정호,윤재국,지웅배,정재윤,이가영,이동욱,이동희,이상준,이태형,최광일,강동원,문소리,문성근,김원진,남민우,이주영,임병우,김시은,김기태,정재윤","688,826,800","49,191,167,945","90,628","6,122,923",755,"2,901","607,847,400","49,799,015,345","80,291","6,203,214",745,"2,833","778,167,200","50,577,182,545","91,395","6,294,609",745,"2,842","1,684,097,000","52,261,279,545","198,201","6,492,810",714,"2,744","1,478,376,200","53,739,655,745","175,486","6,668,296",708,"2,642","395,319,700","54,134,975,445","52,331","6,720,627",689,"2,599","371,015,000","54,505,990,445","49,512","6,770,139",688,"2,540","6,003,649,300","737,844"
5,신과함께-죄와 벌,2017-12-20,한국,한국,"리얼라이즈픽쳐스(주),(주)덱스터스튜디오",롯데쇼핑㈜롯데엔터테인먼트,12세이상관람가,"판타지,드라마",김용화,"하정우,차태현,주지훈,김향기,마동석,김동욱,도경수,오달수,임원희,장광,정해균,김수안,이정재,김해숙,이경영,김하늘,최용훈,강소백,정수윤,이수봉,이승준,이지향,김태준,정지훈,예수정,김기태,성유빈","530,129,300","105,265,126,937","71,181","13,110,793",619,"2,143","507,995,300","105,773,122,237","68,978","13,179,771",645,"2,126","634,859,200","106,407,981,437","76,062","13,255,833",645,"2,129","1,249,732,800","107,657,714,237","149,487","13,405,320",650,"2,127","1,143,060,400","108,800,774,637","136,973","13,542,293",634,"2,051","373,186,800","109,173,961,437","50,149","13,592,442",623,"2,034","367,788,800","109,541,750,237","49,604","13,642,046",639,"2,033","4,806,752,600","602,434"
6,쥬만지: 새로운 세계,2018-01-03,미국,미국,,소니픽쳐스엔터테인먼트코리아주식회사극장배급지점,12세이상관람가,"액션,어드벤처",제이크 캐스단,"드웨인 존슨,잭 블랙,케빈 하트,카렌 길런","106,959,100","13,092,010,691","14,390","1,616,676",388,755,"95,688,400","13,187,699,091","13,139","1,629,815",398,721,"103,889,538","13,291,588,629","12,593","1,642,408",372,675,"185,555,435","13,477,144,064","22,832","1,665,240",340,540,"159,587,800","13,636,731,864","19,430","1,684,670",325,502,"54,509,900","13,691,241,764","7,317","1,691,987",321,552,"56,780,500","13,748,022,264","7,734","1,699,721",318,536,"762,970,673","97,435"
7,위대한 쇼맨,2017-12-20,미국,미국,,이십세기폭스코리아(주),12세이상관람가,"드라마,뮤지컬",마이클 그레이시,"휴 잭맨,잭 에프런,미쉘 윌리엄스,레베카 퍼거슨,젠다야 콜맨","50,769,300","10,206,731,800","6,509","1,246,217",108,171,"45,546,600","10,252,278,400","5,824","1,252,041",108,156,"61,479,700","10,313,758,100","7,073","1,259,114",113,182,"95,174,200","10,408,932,300","10,982","1,270,096",121,198,"90,213,100","10,499,145,400","10,385","1,280,481",121,201,"45,560,300","10,544,705,700","5,826","1,286,307",135,216,"45,317,900","10,590,023,600","5,879","1,292,186",144,225,"434,061,100","52,478"
8,원더,2017-12-27,미국,미국,,CGV아트하우스,전체관람가,드라마,스티븐 크보스키,"줄리아 로버츠,오웬 윌슨,제이콥 트렘블레이","25,969,200","1,488,784,445","3,509","188,976",67,144,"15,230,800","1,504,015,245","2,122","191,098",60,114,"23,207,100","1,527,222,345","3,202","194,300",56,112,"39,304,800","1,566,527,145","5,346","199,646",58,112,"37,560,900","1,604,088,045","5,128","204,774",54,108,"16,193,100","1,620,281,145","2,489","207,263",58,120,"19,414,100","1,639,695,245","3,000","210,263",62,118,"176,880,000","24,796"
9,젝스키스 에이틴,2018-01-18,한국,한국,(주)와이지엔터테인먼트,씨제이 씨지브이(CJ CGV)(주),전체관람가,다큐멘터리,,"은지원,이재진,장수원,김재덕,강성훈",0,"20,720,800",0,"2,292",0,0,"49,236,400","69,957,200","6,765","9,057",25,70,"31,269,700","101,226,900","4,228","13,285",25,71,"34,787,700","136,014,600","4,365","17,650",24,64,"26,122,000","162,136,600","3,400","21,050",24,62,"14,251,200","176,387,800","2,003","23,053",23,55,"13,692,600","190,080,400","1,994","25,047",23,54,"169,359,600","22,755"
10,리틀 뱀파이어,2018-01-18,독일,"독일,미국",,(주)이수C&E,전체관람가,애니메이션,"리처드 클라우스,카르스텐 킬레리치","짐 카터,라스무스 하디커,앨리스 크리지,팀 피곳 스미스","1,887,000","7,615,000",253,969,5,5,"17,487,300","25,102,300","2,646","3,615",192,223,"18,491,700","43,594,000","2,529","6,144",193,223,"37,994,300","81,588,300","5,080","11,224",211,249,"40,294,500","121,882,800","5,252","16,476",213,251,"10,902,500","132,785,300","1,657","18,133",183,206,"15,684,800","148,470,100","2,422","20,555",194,213,"142,742,100","19,839"
11,페르디난드,2018-01-03,미국,미국,,이십세기폭스코리아(주),전체관람가,"애니메이션,어드벤처,코미디",카를로스 살다나,"존 시나,케이트 맥키넌,데이빗 테넌트,바비 카나베일,미구엘 앙겔 실베스트르,지나 로드리게즈","21,073,500","3,712,528,400","3,476","512,182",95,115,"14,810,600","3,727,339,000","2,541","514,723",72,82,"15,282,500","3,742,621,500","2,469","517,192",72,85,"23,070,500","3,765,692,000","3,123","520,315",72,93,"21,518,300","3,787,210,300","2,945","523,260",67,85,"5,610,500","3,792,820,800",891,"524,151",54,68,"9,645,000","3,802,465,800","1,579","525,730",62,74,"111,010,900","17,024"
12,다키스트 아워,2018-01-17,영국,영국,,유니버설픽쳐스인터내셔널 코리아(유),12세이상관람가,"드라마,전쟁",조 라이트,"게리 올드만,크리스틴 스콧 토마스,릴리 제임스,벤 멘델슨,스티븐 딜레인","12,944,000","20,694,000","1,796","2,902",217,349,"16,225,300","36,919,300","2,255","5,157",233,372,"16,194,900","53,114,200","1,978","7,135",212,319,"23,696,400","76,810,600","2,960","10,095",191,247,"19,596,800","96,407,400","2,503","12,598",179,223,"10,268,000","106,675,400","1,456","14,054",189,264,"11,683,200","118,358,600","1,662","15,716",205,267,"110,608,600","14,610"
13,주문은 토끼입니까?? ~디어 마이 시스터~,2018-01-18,일본,일본,,(주)애니플러스,전체관람가,"애니메이션,드라마",하시모토 히로유키,"사쿠라 아야네,미나세 이노리,타네다 리사,사토 사토미,우치다 마아야,토쿠이 소라,무라카와 리에,하야미 사오리,카야노 아이",0,"7,974,000",0,886,0,0,"40,877,500","48,851,500","5,773","6,659",79,139,"11,888,000","60,739,500","1,536","8,195",84,132,"14,938,000","75,677,500","1,939","10,134",84,116,"11,261,000","86,938,500","1,476","11,610",82,117,"3,717,000","90,655,500",522,"12,132",74,105,"3,222,500","93,878,000",465,"12,597",73,99,"85,904,000","11,711"
14,패터슨,2017-12-21,프랑스,"프랑스,독일,미국",,그린나래미디어(주),12세이상관람가,드라마,짐 자무쉬,"아담 드라이버,골시프테 파라하니","5,128,700","401,303,900",679,"49,148",37,51,"3,994,500","405,298,400",537,"49,685",30,43,"11,780,600","417,079,000","1,250","50,935",30,47,"10,399,600","427,478,600","1,188","52,123",34,45,"9,739,100","437,217,700","1,129","53,252",35,46,"3,789,500","441,007,200",502,"53,754",26,36,"4,504,500","445,511,700",602,"54,356",32,43,"49,336,500","5,887"
15,하이큐!! 콘셉트의 싸움,2018-01-11,일본,일본,,(주)팝엔터테인먼트,12세이상관람가,애니메이션,미츠나카 스스무,,"2,189,000","70,335,500",303,"9,611",56,72,"15,647,000","85,982,500","2,245","11,856",56,71,"6,912,000","92,894,500",885,"12,741",52,66,"7,034,000","99,928,500",921,"13,662",49,55,"5,445,000","105,373,500",723,"14,385",46,55,"2,624,500","107,998,000",368,"14,753",47,57,"2,013,000","110,011,000",290,"15,043",45,54,"41,864,500","5,735"
16,강철비,2017-12-14,한국,한국,"(주)와이웍스엔터테인먼트,(주)모팩앤알프레드",(주)넥스트엔터테인먼트월드(NEW),15세이상관람가,"액션,드라마",양우석,"정우성,곽도원,김갑수,김의성,이경영,조우진,정원중,김명곤,박은혜,김지호,안미나,원진아,정유나,이상민,이정호,정환,한승헌,박민희","4,974,200","35,444,167,066",706,"4,446,108",39,55,"4,212,100","35,448,379,166",625,"4,446,733",32,46,"4,365,300","35,452,744,466",558,"4,447,291",33,42,"10,384,700","35,463,129,166","1,353","4,448,644",34,41,"8,728,300","35,471,857,466","1,225","4,449,869",37,43,"3,372,500","35,475,229,966",485,"4,450,354",29,40,"2,542,000","35,477,771,966",371,"4,450,725",28,35,"38,579,100","5,323"
17,다운사이징,2018-01-11,미국,미국,,롯데쇼핑㈜롯데엔터테인먼트,15세이상관람가,"드라마,코미디",알렉산더 페인,"맷 데이먼,크리스틴 위그,크리스토프 왈츠,제이슨 서디키스","8,976,800","1,202,762,404","1,285","145,976",141,166,"4,722,400","1,207,484,804",649,"146,625",73,85,"5,653,500","1,213,138,304",682,"147,307",65,78,"6,923,200","1,220,061,504",809,"148,116",47,53,"6,003,600","1,226,065,104",704,"148,820",41,43,"3,010,000","1,229,075,104",424,"149,244",56,65,"3,009,900","1,232,085,004",404,"149,648",52,59,"38,299,400","4,957"
18,돌아와요 부산항애(愛),2018-01-17,한국,한국,(주)블랙홀엔터테인먼트,"(주)나이너스엔터테인먼트,주식회사 시온픽쳐스",15세이상관람가,"범죄,액션,드라마",박희준,"성훈,조한선,윤소이,공정환,박철민,손병호,박지일,박정학,이익준,공현주,신세휘,지민혁,김민철,이재용,김동현","6,920,200","26,910,700",998,"3,512",88,130,"3,407,700","30,318,400",478,"3,990",76,114,"4,437,500","34,755,900",522,"4,512",68,93,"5,423,400","40,179,300",631,"5,143",82,107,"5,751,500","45,930,800",681,"5,824",75,99,"2,900,000","48,830,800",415,"6,239",68,98,"3,300,500","52,131,300",447,"6,686",70,96,"32,140,800","4,172"
19,커뮤터,2018-01-24,영국,"영국,미국",,메가박스중앙(주)플러스엠,15세이상관람가,액션,자움 콜렛 세라,"리암 니슨,베라 파미가,패트릭 윌슨,샘 닐",0,"8,056,000",0,"1,214",0,0,"2,947,000","11,003,000",421,"1,635",2,2,0,"11,003,000",0,"1,635",0,0,0,"11,003,000",0,"1,635",0,0,0,"11,003,000",0,"1,635",0,0,0,"11,003,000",0,"1,635",0,0,"22,727,100","33,730,100","3,035","4,670",25,25,"25,674,100","3,456"
20,1급기밀,2018-01-24,한국,한국,"(주)미인픽쳐스,(주)미디어모굴",(주)리틀빅픽쳐스,12세이상관람가,드라마,홍기선,"김상경,김옥빈,최무성,최귀화,김병철,최고,이지원","9,948,000","54,723,500","1,173","6,808",4,4,"15,121,000","69,844,500","1,910","8,718",11,11,0,"69,844,500",0,"8,718",0,0,0,"69,844,500",0,"8,718",0,0,0,"69,844,500",0,"8,718",0,0,"2,889,000","72,733,500",321,"9,039",1,2,0,"72,733,500",0,"9,039",0,0,"27,958,000","3,404"
21,뽀로로 극장판 공룡섬 대모험,2017-12-07,한국,한국,(주)오콘,(주)넥스트엔터테인먼트월드(NEW),전체관람가,애니메이션,"김현호,윤제완","이선,이미자,함수정,홍소영,정미숙,김서영,김환진,엄상현","3,767,000","6,191,906,300",739,"820,985",16,21,"5,254,000","6,197,160,300",977,"821,962",14,15,"4,903,500","6,202,063,800",881,"822,843",15,17,"790,000","6,202,853,800",109,"822,952",4,5,"830,000","6,203,683,800",113,"823,065",5,6,"310,000","6,203,993,800",49,"823,114",5,6,"2,187,000","6,206,180,800",395,"823,509",12,12,"18,041,500","3,263"
22,러빙 빈센트,2017-11-09,영국,"영국,폴란드",,판씨네마(주),15세이상관람가,"애니메이션,미스터리","도로타 코비엘라,휴 웰치맨","시얼샤 로넌,제롬 플린","3,026,200","3,169,553,961",391,"397,773",16,19,"2,125,500","3,171,679,461",260,"398,033",8,11,"4,596,000","3,176,275,461",493,"398,526",11,15,"6,105,500","3,182,380,961",730,"399,256",18,24,"5,256,000","3,187,636,961",627,"399,883",15,20,"1,894,500","3,189,531,461",248,"400,131",10,14,"2,416,500","3,191,947,961",299,"400,430",12,15,"25,420,200","3,048"
23,B급 며느리,2018-01-17,한국,한국,영화연구소,"(주)에스와이코마드,글뫼 주식회사",12세이상관람가,다큐멘터리,선호빈,"김진영,조경숙","2,524,000","17,154,500",328,"2,113",47,62,"2,782,300","19,936,800",387,"2,500",49,59,"2,470,000","22,406,800",326,"2,826",56,71,"3,939,200","26,346,000",509,"3,335",55,65,"3,731,600","30,077,600",472,"3,807",56,66,"2,891,000","32,968,600",403,"4,210",54,67,"3,366,400","36,335,000",505,"4,715",55,66,"21,704,500","2,930"
24,원더풀 라이프,2001-12-09,일본,일본,,"(주)영화사 안다미로,(주)라이크 콘텐츠,㈜영화사 백두대간",전체관람가,드라마,고레에다 히로카즈,"아베 사다오,아라타,하라 히사코","5,802,500","140,919,500",657,"16,989",30,45,"2,500,500","143,420,000",310,"17,299",26,28,"2,247,100","145,667,100",263,"17,562",25,27,"3,273,000","148,940,100",375,"17,937",25,27,"2,708,000","151,648,100",358,"18,295",28,30,"1,614,500","153,262,600",200,"18,495",22,23,"759,000","154,021,600",109,"18,604",21,22,"18,904,600","2,272"
25,피의 연대기,2018-01-18,한국,한국,,KT&G 상상마당 영화사업팀 컴퍼니에스에스(주),12세이상관람가,다큐멘터리,김보람,"여경주,김보람,심이안,박현지,이슬기,오희정",0,"3,867,000",0,477,1,1,"3,008,400","6,875,400",404,881,34,47,"2,860,600","9,736,000",336,"1,217",30,41,"3,361,200","13,097,200",407,"1,624",28,38,"3,483,300","16,580,500",419,"2,043",34,43,"2,645,000","19,225,500",347,"2,390",38,50,"2,222,500","21,448,000",296,"2,686",33,44,"17,581,000","2,209"
26,비밥바룰라,2018-01-24,한국,한국,영화사김치(주),씨네그루(주)키다리이엔티,12세이상관람가,코미디,이성재,"박인환,신구,임현식,윤덕용,김인권,이채은,이은우,최선자,성병숙",0,0,0,0,0,0,0,0,0,0,0,0,"6,800,000","6,800,000",737,737,3,3,0,"6,800,000",0,737,0,0,0,"6,800,000",0,737,0,0,0,"6,800,000",0,737,0,0,"10,086,000","16,886,000","1,239","1,976",9,9,"16,886,000","1,976"
27,토르: 라그나로크,2017-10-25,미국,미국,,월트디즈니컴퍼니코리아 유한책임회사,12세이상관람가,"액션,어드벤처,판타지,SF",타이카 와이티티,"크리스 헴스워스,톰 히들스턴,케이트 블란쳇,이드리스 엘바,제프 골드블럼,테사 톰슨,칼 어번,마크 러팔로,안소니 홉킨스",0,"39,229,261,395",0,"4,853,935",0,0,0,"39,229,261,395",0,"4,853,935",0,0,"3,095,000","39,232,356,395",514,"4,854,449",5,7,"4,338,500","39,236,694,895",729,"4,855,178",10,10,"3,823,800","39,240,518,695",654,"4,855,832",9,9,0,"39,240,518,695",0,"4,855,832",0,0,0,"39,240,518,695",0,"4,855,832",0,0,"11,257,300","1,897"
28,염력,2018-01-31,한국,한국,(주)영화사레드피터,(주)넥스트엔터테인먼트월드(NEW),15세이상관람가,"드라마,코미디",연상호,"류승룡,심은경,박정민,김민재,정유미,이승용,예수정",0,0,0,0,0,0,0,0,0,0,0,0,0,0,0,0,0,0,0,0,0,0,0,0,0,0,0,0,0,0,"1,482,000","1,482,000",247,247,1,1,"14,544,000","16,026,000","1,616","1,863",4,6,"16,026,000","1,863"
29,덩케르크,2017-07-20,미국,"미국,영국",,워너브러더스 코리아(주),12세이상관람가,"액션,드라마,스릴러,전쟁",크리스토퍼 놀란,"톰 하디,마크 라이런스,케네스 브래너,킬리언 머피,제임스 다시,케빈 구스리",0,"24,550,541,348",0,"2,788,732",0,0,0,"24,550,541,348",0,"2,788,732",0,0,"2,667,500","24,553,208,848",446,"2,789,178",7,7,"4,408,100","24,557,616,948",739,"2,789,917",10,11,"2,999,200","24,560,616,148",505,"2,790,422",7,7,0,"24,560,616,148",0,"2,790,422",0,0,0,"24,560,616,148",0,"2,790,422",0,0,"10,074,800","1,690"
30,마야2,2018-02-01,독일,독일,,(주)영화사 빅,전체관람가,애니메이션,"노엘 클리어리,세르지오 델피노","김서영,김명준,김소희,임채헌,윤세웅,오인실,이소은,석승훈,이규창",0,0,0,0,0,0,0,0,0,0,0,0,0,0,0,0,0,0,"8,590,000","8,590,000",859,859,4,4,0,"8,590,000",0,859,0,0,"1,118,000","9,708,000",126,985,1,1,"4,552,000","14,260,000",569,"1,554",3,3,"14,260,000","1,554"
31,디드씨 도시로가다,,미국,미국,콜롬비아,,,코미디,프랭크 카프라,"게리 쿠퍼,진 아서",0,"5,252,000",0,"2,539",0,0,0,"5,252,000",0,"2,539",0,0,"724,000","5,976,000",362,"2,901",1,5,"866,000","6,842,000",433,"3,334",1,5,"764,000","7,606,000",382,"3,716",1,5,"512,000","8,118,000",256,"3,972",1,5,0,"8,118,000",0,"3,972",0,0,"2,866,000","1,433"
32,원더 휠,2018-01-25,미국,미국,,(주)팝엔터테인먼트,15세이상관람가,드라마,우디 앨런,"케이트 윈슬렛,주노 템플,저스틴 팀버레이크,제임스 벨루시","1,674,000","5,031,000",186,559,1,1,"3,840,000","8,871,000",480,"1,039",2,2,0,"8,871,000",0,"1,039",0,0,"1,051,000","9,922,000",123,"1,162",2,2,"669,500","10,591,500",84,"1,246",1,1,0,"10,591,500",0,"1,246",0,0,"3,682,000","14,273,500",506,"1,752",4,5,"10,916,500","1,379"
33,히에로니무스 보쉬의 기이한 세계,2018-01-18,영국,영국,,메가박스(주),전체관람가,,데이비드 비커스태프,,0,0,0,0,0,0,"3,956,000","3,956,000",348,348,23,24,"1,559,000","5,515,000",138,486,21,21,"1,808,000","7,323,000",170,656,18,18,"2,562,000","9,885,000",230,886,21,21,"1,574,000","11,459,000",174,"1,060",20,21,"3,328,000","14,787,000",307,"1,367",17,17,"14,787,000","1,367"
34,아름다운 별,2018-01-18,일본,일본,,"(주)싸이더스,아이 엠",청소년관람불가,"SF,드라마",요시다 다이하치,"릴리 프랭키,카메나시 카즈야,하시모토 아이,나카지마 토모코","1,311,500","12,744,500",144,"1,393",3,4,"1,310,000","14,054,500",183,"1,576",26,31,"1,687,500","15,742,000",199,"1,775",29,33,"2,149,500","17,891,500",256,"2,031",27,29,"1,775,500","19,667,000",214,"2,245",26,29,"876,500","20,543,500",111,"2,356",20,24,"1,021,500","21,565,000",128,"2,484",27,28,"10,132,000","1,235"
35,올 더 머니,2018-02-01,미국,미국,,판씨네마(주),15세이상관람가,"범죄,드라마,미스터리,스릴러",리들리 스콧,"미쉘 윌리엄스,크리스토퍼 플러머,마크 월버그,스테이시 마틴","2,223,000","2,223,000",247,247,1,1,"6,496,000","8,719,000",812,"1,059",3,3,0,"8,719,000",0,"1,059",0,0,0,"8,719,000",0,"1,059",0,0,0,"8,719,000",0,"1,059",0,0,0,"8,719,000",0,"1,059",0,0,0,"8,719,000",0,"1,059",0,0,"8,719,000","1,059"
36,"쏘아올린 불꽃, 밑에서 볼까? 옆에서 볼까?",2018-01-11,일본,일본,,(주)넥스트엔터테인먼트월드(NEW),15세이상관람가,"애니메이션,멜로/로맨스",신보 아키유키,"히로세 스즈,스다 마사키,미야노 마모루","3,958,500","203,595,200",553,"26,362",85,89,"662,000","204,257,200",93,"26,455",11,11,"793,000","205,050,200",106,"26,561",8,9,"798,000","205,848,200",109,"26,670",6,6,"457,000","206,305,200",61,"26,731",4,5,"319,000","206,624,200",45,"26,776",3,4,"568,000","207,192,200",83,"26,859",6,7,"7,555,500","1,050"
37,22년 후의 고백,2018-01-17,일본,일본,,(주)영화사오원,15세이상관람가,스릴러,이리에 유,"후지와라 타츠야,이토 히데아키","987,500","5,917,500",134,726,37,45,"902,000","6,819,500",123,849,41,52,"971,000","7,790,500",122,971,32,41,"1,034,500","8,825,000",133,"1,104",32,38,"1,318,500","10,143,500",165,"1,269",30,35,"736,500","10,880,000",104,"1,373",31,36,"1,029,500","11,909,500",144,"1,517",33,41,"6,979,500",925
38,두 개의 사랑,2017-12-28,프랑스,프랑스,,(주)팝엔터테인먼트,청소년관람불가,스릴러,프랑수아 오종,"마린 백트,제레미 레니에","908,000","83,491,200",140,"10,564",8,9,"718,000","84,209,200",92,"10,656",5,7,"806,000","85,015,200",95,"10,751",6,8,"1,425,000","86,440,200",170,"10,921",8,10,"1,491,000","87,931,200",189,"11,110",6,8,"462,000","88,393,200",56,"11,166",4,6,"1,212,000","89,605,200",167,"11,333",5,7,"7,022,000",909
39,공동정범,2018-01-25,한국,한국,성소수문화환경을 위한 모임 '연분홍치마',"(주)엣나인필름,(주)시네마달",15세이상관람가,다큐멘터리,"김일란,이혁상","이충연,김주환,김창수,천주석,지석준","3,384,000","7,729,000",423,"1,178",2,2,0,"7,729,000",0,"1,178",0,0,"1,260,000","8,989,000",210,"1,388",1,1,"1,260,000","10,249,000",210,"1,598",1,1,0,"10,249,000",0,"1,598",0,0,"184,000","10,433,000",46,"1,644",1,1,0,"10,433,000",0,"1,644",0,0,"6,088,000",889
40,찰스 디킨스의 비밀 서재,2018-01-11,아일랜드,"아일랜드,캐나다",,(주)이수C&E,전체관람가,"드라마,판타지",바랫 낼러리,"댄 스티븐스,크리스토퍼 플러머,조나단 프라이스","2,032,000","52,091,700",283,"6,793",30,32,"690,400","52,782,100",106,"6,899",7,8,"679,000","53,461,100",89,"6,988",8,8,"990,500","54,451,600",133,"7,121",8,9,"756,000","55,207,600",103,"7,224",5,6,"238,000","55,445,600",35,"7,259",5,5,"664,000","56,109,600",102,"7,361",7,8,"6,049,900",851
41,수면의 과학,2006-12-21,프랑스,프랑스,"퍼티잔,고몽,프랑스3시네마","(주)엣나인필름,(주)스폰지이엔티",15세이상관람가,"코미디,판타지",미셸 공드리,"가엘 가르시아 베르날,샤를로뜨 갱스부르","1,175,000","402,833,900",156,"57,210",22,28,"495,000","403,328,900",70,"57,280",11,13,"1,542,000","404,870,900",134,"57,414",13,16,"1,674,200","406,545,100",195,"57,609",14,15,"1,067,600","407,612,700",125,"57,734",11,14,"582,500","408,195,200",70,"57,804",11,12,"490,000","408,685,200",74,"57,878",13,13,"7,026,300",824
42,세 번째 살인,2017-12-14,일본,일본,,(주)티캐스트,15세이상관람가,스릴러,고레에다 히로카즈,"후쿠야마 마사하루,야쿠쇼 코지,히로세 스즈","861,000","273,163,400",105,"33,495",6,9,"524,000","273,687,400",67,"33,562",3,5,"1,008,000","274,695,400",108,"33,670",3,5,"1,937,600","276,633,000",210,"33,880",6,8,"886,000","277,519,000",95,"33,975",4,6,"670,000","278,189,000",91,"34,066",3,5,"524,000","278,713,000",64,"34,130",5,6,"6,410,600",740
43,쿵푸몽키,2018-01-25,중국,중국,,(주)박수엔터테인먼트,전체관람가,애니메이션,폴 왕,,"1,560,000","1,560,000",195,195,1,1,"1,548,000","3,108,000",172,367,1,1,"2,400,000","5,508,000",300,667,3,3,0,"5,508,000",0,667,0,0,0,"5,508,000",0,667,0,0,0,"5,508,000",0,667,0,0,0,"5,508,000",0,667,0,0,"5,508,000",667
44,집시,,미국,미국,,,,드라마,머빈 르로이,"로사린드 러셀,나탈리 우드,칼 말든","745,000","2,117,000",370,"1,056",1,4,"544,000","2,661,000",272,"1,328",1,4,0,"2,661,000",0,"1,328",0,0,0,"2,661,000",0,"1,328",0,0,0,"2,661,000",0,"1,328",0,0,0,"2,661,000",0,"1,328",0,0,0,"2,661,000",0,"1,328",0,0,"1,289,000",642
45,극장판 레이디버그: 미라클스톤의 비밀,2018-01-25,프랑스,프랑스,,(주)삼지애니메이션,전체관람가,애니메이션,토마스 아스트뤽,"여민정,남도형",0,"6,210,000",0,690,0,0,0,"6,210,000",0,690,0,0,0,"6,210,000",0,690,0,0,0,"6,210,000",0,690,0,0,0,"6,210,000",0,690,0,0,"4,824,000","11,034,000",603,"1,293",2,2,0,"11,034,000",0,"1,293",0,0,"4,824,000",603
46,천화,2018-01-25,한국,한국,(주)맑은시네마,(주)맑은시네마,15세이상관람가,드라마,민병국,"이일화,양동근,하용수,이혜정,정나온,윤돈휘,정현주,송현희,남민우","2,952,000","2,952,000",369,369,2,2,"1,526,000","4,478,000",218,587,1,1,0,"4,478,000",0,587,0,0,0,"4,478,000",0,587,0,0,0,"4,478,000",0,587,0,0,0,"4,478,000",0,587,0,0,0,"4,478,000",0,587,0,0,"4,478,000",587
47,밤의 충돌,,미국,미국,,,,드라마,프리츠 랑,"바바라 스탠윅,폴 더글라스,로버트 라이언",0,0,0,0,0,0,"413,000","413,000",204,204,1,5,"318,000","731,000",159,363,1,5,"374,000","1,105,000",187,550,1,5,0,"1,105,000",0,550,0,0,0,"1,105,000",0,550,0,0,0,"1,105,000",0,550,0,0,"1,105,000",550
48,여호,,영국,영국,,,,"드라마,멜로/로맨스","마이클 파웰,에메릭 프레스버거","제니퍼 존스,데이빗 파라,시릴 쿠삭",0,"3,012,000",0,"1,150",0,0,"352,000","3,364,000",176,"1,326",1,4,"280,000","3,644,000",140,"1,466",1,3,"446,000","4,090,000",223,"1,689",1,4,0,"4,090,000",0,"1,689",0,0,0,"4,090,000",0,"1,689",0,0,0,"4,090,000",0,"1,689",0,0,"1,078,000",539
49,극장판 포켓몬스터 너로 정했다!,2017-12-21,일본,일본,,(주)이수C&E,전체관람가,"애니메이션,어드벤처,가족",유야마 쿠니히코,,"328,500","3,806,774,500",53,"508,372",5,7,"650,000","3,807,424,500",118,"508,490",4,4,"1,234,000","3,808,658,500",194,"508,684",8,9,"201,000","3,808,859,500",27,"508,711",2,2,"368,500","3,809,228,000",53,"508,764",3,3,"346,000","3,809,574,000",51,"508,815",6,7,"280,000","3,809,854,000",41,"508,856",6,7,"3,408,000",537
50,범죄도시,2017-10-03,한국,한국,"(주)홍필름,(주)비에이엔터테인먼트","메가박스중앙(주)플러스엠,(주)키위미디어그룹",청소년관람불가,"범죄,액션",강윤성,"마동석,윤계상,조재윤,최귀화,박상규,유지연,최성재,이경원,이태규,진선규",0,"56,318,014,149",0,"6,879,841",0,0,0,"56,318,014,149",0,"6,879,841",0,0,"1,021,100","56,319,035,249",172,"6,880,013",10,10,"921,500","56,319,956,749",153,"6,880,166",5,5,"1,092,100","56,321,048,849",185,"6,880,351",8,8,0,"56,321,048,849",0,"6,880,351",0,0,0,"56,321,048,849",0,"6,880,351",0,0,"3,034,700",510
51,라쇼몽,,,,,,,,,,0,"3,413,000",0,"1,167",0,0,0,"3,413,000",0,"1,167",0,0,0,"3,413,000",0,"1,167",0,0,0,"3,413,000",0,"1,167",0,0,"472,000","3,885,000",236,"1,403",1,6,"339,000","4,224,000",162,"1,565",1,6,"203,000","4,427,000",99,"1,664",1,6,"1,014,000",497
52,삼생삼세 십리도화,2018-01-18,중국,중국,,주식회사 풍경소리,15세이상관람가,"판타지,멜로/로맨스,액션",자오 샤오딩,"유역비,양양",0,0,0,0,0,0,"693,000","693,000",110,110,1,6,"471,000","1,164,000",72,182,5,7,"283,000","1,447,000",44,226,5,6,"804,000","2,251,000",155,381,3,6,"198,000","2,449,000",33,414,5,7,"167,000","2,616,000",28,442,5,7,"2,616,000",442
53,산상수훈,2017-12-07,한국,한국,(주)그란,"이언픽쳐스,(주)그란",전체관람가,드라마,유영의,"백서빈,최이선,정준영,오경원,탁우석,박창준,최현우,설준수","230,000","299,101,000",23,"41,638",1,1,"201,000","299,302,000",30,"41,668",1,1,"193,000","299,495,000",24,"41,692",1,1,"1,023,000","300,518,000",154,"41,846",4,4,"1,057,000","301,575,000",143,"41,989",5,5,0,"301,575,000",0,"41,989",0,0,"196,000","301,771,000",27,"42,016",1,1,"2,900,000",401
54,멋진 인생,,미국,미국,,,,"드라마,멜로/로맨스,판타지",프랭크 카프라,"제임스 스튜어트,도나 리드",0,"13,768,000",0,"6,180",0,0,0,"13,768,000",0,"6,180",0,0,0,"13,768,000",0,"6,180",0,0,0,"13,768,000",0,"6,180",0,0,"464,000","14,232,000",227,"6,407",1,4,"346,000","14,578,000",173,"6,580",1,4,0,"14,578,000",0,"6,580",0,0,"810,000",400
55,아이 캔 스피크,2017-09-21,한국,한국,"주식회사 영화사 시선,(주)명필름","롯데쇼핑㈜롯데엔터테인먼트,(주)리틀빅픽쳐스",12세이상관람가,코미디,김현석,"나문희,이제훈,박철민,염혜란,성유빈,김소진,이상희,정연주,이지훈,손숙,박준서,이승민,이정현,홍상원,황연희,이재인",0,"25,526,451,186",0,"3,279,296",0,0,0,"25,526,451,186",0,"3,279,296",0,0,"640,000","25,527,091,186",110,"3,279,406",6,6,"878,200","25,527,969,386",152,"3,279,558",3,3,"776,000","25,528,745,386",136,"3,279,694",5,5,0,"25,528,745,386",0,"3,279,694",0,0,0,"25,528,745,386",0,"3,279,694",0,0,"2,294,200",398
56,리차드 3세,,영국,영국,,,,"드라마,전쟁",로렌스 올리비에,"세드릭 하드윅,니콜라스 하넨,로렌스 올리비에,랄프 리차드슨,존 길거드",0,"3,479,000",0,"1,356",0,0,0,"3,479,000",0,"1,356",0,0,0,"3,479,000",0,"1,356",0,0,0,"3,479,000",0,"1,356",0,0,0,"3,479,000",0,"1,356",0,0,0,"3,479,000",0,"1,356",0,0,"772,000","4,251,000",386,"1,742",1,4,"772,000",386
57,파란입이 달린 얼굴,2018-01-18,한국,한국,냉이영화,영화배급협동조합 씨네소파,15세이상관람가,드라마,김수정,"장리우,진용욱,박병철,김새벽",0,"3,148,000",0,574,0,0,"782,500","3,930,500",142,716,11,14,"288,100","4,218,600",40,756,11,14,"533,000","4,751,600",68,824,13,17,"403,500","5,155,100",50,874,13,14,"241,000","5,396,100",31,905,9,11,"274,600","5,670,700",41,946,11,15,"2,522,700",372
58,탠저린,2018-01-25,미국,미국,,"(주)미로스페이스,(주)드림팩트엔터테인먼트",청소년관람불가,"코미디,드라마",션 베이커,"키타나 키키 로드리게즈,미아 타일러",0,"5,767,000",0,736,0,0,"666,000","6,433,000",67,803,1,1,0,"6,433,000",0,803,0,0,0,"6,433,000",0,803,0,0,"1,219,500","7,652,500",111,914,1,1,0,"7,652,500",0,914,0,0,"816,000","8,468,500",162,"1,076",2,2,"2,701,500",340
59,라보엠,2014-12-20,독일,독일,,(주)쓰리캣프로덕션,전체관람가,멜로/로맨스,로버트 돈헴,안나 네트렙코,"2,137,000","46,007,500",134,"3,126",7,7,0,"46,007,500",0,"3,126",0,0,0,"46,007,500",0,"3,126",0,0,0,"46,007,500",0,"3,126",0,0,"3,232,500","49,240,000",200,"3,326",10,10,0,"49,240,000",0,"3,326",0,0,0,"49,240,000",0,"3,326",0,0,"5,369,500",334
60,반도에 살어리랏다,2018-01-25,한국,한국,스튜디오 수집,"애니메이션 배급, 씨앗",15세이상관람가,"애니메이션,코미디",이용선,"이승행,오가빈,이용우,박진영,강예솔,강성우,이승훈",0,"5,048,000",0,631,0,0,0,"5,048,000",0,631,0,0,0,"5,048,000",0,631,0,0,0,"5,048,000",0,631,0,0,0,"5,048,000",0,631,0,0,0,"5,048,000",0,631,0,0,"2,440,000","7,488,000",305,936,2,2,"2,440,000",305
61,택시운전사,2017-08-02,한국,한국,더램프(주),(주)쇼박스,15세이상관람가,드라마,장훈,"이수민,송강호,토마스 크레취만,유해진,류준열,박혁권,최귀화,이창섭,이호균,서정우,송병철,안용우,오석규,윤석진,이새별,이성호,이정은,이주영,황민형,김신웅,김진상,김화목,문광식,차순배,김대현",0,"95,853,645,649",0,"12,186,327",0,0,0,"95,853,645,649",0,"12,186,327",0,0,"375,000","95,854,020,649",63,"12,186,390",7,7,"511,500","95,854,532,149",87,"12,186,477",7,7,"882,000","95,855,414,149",152,"12,186,629",6,6,0,"95,855,414,149",0,"12,186,629",0,0,0,"95,855,414,149",0,"12,186,629",0,0,"1,768,500",302
62,포르토,2018-01-31,프랑스,"프랑스,폴란드,포르투갈,미국",,오드,청소년관람불가,"드라마,멜로/로맨스",게이브 클링거,"안톤 옐친,루시 루카스",0,"82,000",0,11,0,0,0,"82,000",0,11,0,0,0,"82,000",0,11,0,0,0,"82,000",0,11,0,0,0,"82,000",0,11,0,0,"2,446,000","2,528,000",292,303,2,2,0,"2,528,000",0,303,0,0,"2,446,000",292
63,누에치던 방,2018-01-31,한국,한국,"윈드웰러스 필름(주),영화사 잠","서울독립영화제,무브먼트",15세이상관람가,드라마,이완민,"이상희,홍승이,김새벽,이선호,임형국,최진혁,정원,김승현,이주영",0,"2,584,500",0,407,0,0,0,"2,584,500",0,407,0,0,0,"2,584,500",0,407,0,0,0,"2,584,500",0,407,0,0,0,"2,584,500",0,407,0,0,0,"2,584,500",0,407,0,0,"2,708,000","5,292,500",291,698,2,3,"2,708,000",291
64,맨헌트,2018-01-25,중국,중국,,주식회사 풍경소리,15세이상관람가,"액션,범죄",오우삼,"장한위,후쿠야마 마사하루,하지원,치웨이",0,"2,400,000",0,400,0,0,0,"2,400,000",0,400,0,0,0,"2,400,000",0,400,0,0,0,"2,400,000",0,400,0,0,0,"2,400,000",0,400,0,0,"2,098,000","4,498,000",282,682,2,2,0,"4,498,000",0,682,0,0,"2,098,000",282
65,투란도트,2016-07-02,미국,미국,,(주)인스터피씨엠,전체관람가,공연,,,0,"71,748,500",0,"3,277",0,0,0,"71,748,500",0,"3,277",0,0,0,"71,748,500",0,"3,277",0,0,"3,512,000","75,260,500",201,"3,478",10,10,0,"75,260,500",0,"3,478",0,0,0,"75,260,500",0,"3,478",0,0,"1,243,000","76,503,500",77,"3,555",6,6,"4,755,000",278
66,해녀,,미국,미국,이십세기폭스필름코퍼레이션,,,"멜로/로맨스,어드벤처",진 네글레스코,"앨런 래드,클리프톤 웹,소피아 로렌",0,"3,052,000",0,"1,251",0,0,"298,000","3,350,000",156,"1,407",1,3,"222,000","3,572,000",117,"1,524",1,3,0,"3,572,000",0,"1,524",0,0,0,"3,572,000",0,"1,524",0,0,0,"3,572,000",0,"1,524",0,0,0,"3,572,000",0,"1,524",0,0,"520,000",273
67,인도차이나,1992-07-11,프랑스,프랑스,,(유)영화사 화수분,고등학생이상관람가,"드라마,멜로/로맨스",레지스 와그니어,"까뜨린느 드뇌브,벵상 뻬레,장 이안",0,"3,583,000",0,"1,223",0,0,"318,000","3,901,000",159,"1,382",1,2,"220,000","4,121,000",110,"1,492",1,2,0,"4,121,000",0,"1,492",0,0,0,"4,121,000",0,"1,492",0,0,0,"4,121,000",0,"1,492",0,0,0,"4,121,000",0,"1,492",0,0,"538,000",269
68,파라오,,미국,미국,워너 브러더스 픽쳐스,,,드라마,하워드 혹스,"잭 호킨스,조안 콜린스,듀이 마틴",0,"4,499,000",0,"2,247",0,0,"184,000","4,683,000",92,"2,339",1,4,"131,000","4,814,000",63,"2,402",1,3,"188,000","5,002,000",94,"2,496",1,4,0,"5,002,000",0,"2,496",0,0,0,"5,002,000",0,"2,496",0,0,0,"5,002,000",0,"2,496",0,0,"503,000",249
69,고스트 스토리,2017-12-28,미국,미국,,"(주)리틀빅픽쳐스,주식회사 더쿱",12세이상관람가,"판타지,멜로/로맨스",데이빗 로워리,"케이시 애플렉,루니 마라","417,000","66,294,200",56,"7,761",5,5,"154,000","66,448,200",22,"7,783",3,3,"68,500","66,516,700",9,"7,792",2,2,"607,000","67,123,700",67,"7,859",3,3,"385,000","67,508,700",47,"7,906",4,4,"213,500","67,722,200",28,"7,934",3,3,"124,000","67,846,200",18,"7,952",3,3,"1,969,000",247
70,극장판 숲의 요정 페어리루 ~크리스마스의 기적: 마법의 날개~,2017-12-14,일본,일본,,"(주)이수C&E,(주)에이원엔터테인먼트",전체관람가,애니메이션,고로 사쿠라,,"58,000","456,157,700",9,"59,148",2,2,"71,000","456,228,700",11,"59,159",2,2,"54,000","456,282,700",8,"59,167",3,3,"699,500","456,982,200",94,"59,261",8,8,"884,500","457,866,700",108,"59,369",9,9,"36,000","457,902,700",6,"59,375",2,2,0,"457,902,700",0,"59,375",0,0,"1,803,000",236
71,스타워즈: 라스트 제다이,2017-12-14,미국,미국,,월트디즈니컴퍼니코리아 유한책임회사,12세이상관람가,"액션,어드벤처,판타지,SF",라이언 존슨,"마크 해밀,캐리 피셔,아담 드라이버,데이지 리들리,존 보예가,오스카 아이삭,루피타 뇽오,앤디 서키스,도널 글리슨,안소니 다니엘,그웬돌린 크리스티,켈리 마리 트란,로라 던,베니치오 델 토로","368,000","8,661,949,961",44,"959,022",3,3,"129,000","8,662,078,961",15,"959,037",1,1,"223,000","8,662,301,961",26,"959,063",2,2,"473,000","8,662,774,961",52,"959,115",2,2,"432,000","8,663,206,961",51,"959,166",2,2,"188,000","8,663,394,961",23,"959,189",2,2,"187,000","8,663,581,961",24,"959,213",2,2,"2,000,000",235
72,스톡홀름의 마지막 연인,2017-12-21,스웨덴,스웨덴,,(주)엣나인필름,15세이상관람가,멜로/로맨스,퍼닐라 어거스트,"스베리르 구드나손,카린 프라즈 콜로프,미카엘 니크비스트,미켈 보엘 폴스라르,스벤 노딘","169,000","45,959,000",29,"6,049",2,3,"1,355,000","47,314,000",137,"6,186",3,3,"52,000","47,366,000",8,"6,194",2,2,"87,600","47,453,600",11,"6,205",2,3,"124,000","47,577,600",19,"6,224",2,3,0,"47,577,600",0,"6,224",0,0,"209,000","47,786,600",30,"6,254",2,3,"1,996,600",234
72,앤트로포이드,2018-01-18,영국,"영국,체코,프랑스",,노바엔터테인먼트,15세이상관람가,"스릴러,전쟁",숀 엘리스,"킬리언 머피,제이미 도넌",0,"60,000",0,12,0,0,"332,900","392,900",55,67,7,7,"315,000","707,900",42,109,6,6,"207,000","914,900",25,134,4,4,"399,000","1,313,900",57,191,6,6,"170,000","1,483,900",24,215,5,5,"183,000","1,666,900",31,246,6,6,"1,606,900",234
74,새벽을 알리는 루의 노래,2018-01-31,일본,일본,,(주)미디어캐슬,전체관람가,애니메이션,유아사 마사아키,"타니 카논,시모다 쇼타,에모토 아키라,사이토 소마",0,"455,000",0,46,0,0,0,"455,000",0,46,0,0,0,"455,000",0,46,0,0,0,"455,000",0,46,0,0,0,"455,000",0,46,0,0,0,"455,000",0,46,0,0,"1,744,000","2,199,000",218,264,1,1,"1,744,000",218
75,원탁의 기사,,미국,미국,,,,드라마,리처드 소프,"로버트 테일러,에바 가드너","140,000","12,701,000",70,"6,011",1,3,"150,000","12,851,000",75,"6,086",1,3,"144,000","12,995,000",72,"6,158",1,3,0,"12,995,000",0,"6,158",0,0,0,"12,995,000",0,"6,158",0,0,0,"12,995,000",0,"6,158",0,0,0,"12,995,000",0,"6,158",0,0,"434,000",217
76,기생-꽃의 고백,2018-01-25,한국,한국,한국영상대학교,필름에이픽쳐스,12세이상관람가,다큐멘터리,"홍태선,임혁","장금도,김가애",0,0,0,0,0,0,"1,284,000","1,284,000",214,214,2,2,0,"1,284,000",0,214,0,0,0,"1,284,000",0,214,0,0,0,"1,284,000",0,214,0,0,0,"1,284,000",0,214,0,0,0,"1,284,000",0,214,0,0,"1,284,000",214
76,지옥의 묵시록 : 리덕스,2001-08-30,미국,미국,,,18세관람가,"전쟁,드라마",프란시스 포드 코폴라,"로버트 듀발,말론 브란도,마틴 쉰",0,"7,946,800",0,"1,930",0,0,"1,926,000","9,872,800",214,"2,144",1,1,0,"9,872,800",0,"2,144",0,0,0,"9,872,800",0,"2,144",0,0,0,"9,872,800",0,"2,144",0,0,0,"9,872,800",0,"2,144",0,0,0,"9,872,800",0,"2,144",0,0,"1,926,000",214
78,바라바,,이탈리아,이탈리아,,,,어드벤처,리차드 플레이셔,앤소니 퀸,0,"5,244,000",0,"2,640",0,0,0,"5,244,000",0,"2,640",0,0,0,"5,244,000",0,"2,640",0,0,"178,000","5,422,000",89,"2,729",1,3,"78,000","5,500,000",39,"2,768",1,3,"158,000","5,658,000",79,"2,847",1,3,0,"5,658,000",0,"2,847",0,0,"414,000",207
79,안녕하세요,,일본,일본,,,15세이상관람가,,오즈 야스지로,"쿠가 요시코,사다 케이지",0,"2,454,000",0,385,0,0,0,"2,454,000",0,385,0,0,0,"2,454,000",0,385,0,0,"1,500,000","3,954,000",198,583,1,1,0,"3,954,000",0,583,0,0,0,"3,954,000",0,583,0,0,0,"3,954,000",0,583,0,0,"1,500,000",198
80,은술잔,,미국,미국,,,,"멜로/로맨스,드라마",빅터 사빌,"피에르 안젤리,자크 오부컨",0,"4,735,000",0,"2,371",0,0,0,"4,735,000",0,"2,371",0,0,0,"4,735,000",0,"2,371",0,0,"226,000","4,961,000",117,"2,488",1,2,"147,000","5,108,000",80,"2,568",1,2,0,"5,108,000",0,"2,568",0,0,0,"5,108,000",0,"2,568",0,0,"373,000",197
81,가을 햇살,,일본,일본,,,,드라마,오즈 야스지로,"하라 세츠코,쿠와노 미유키","299,000","1,884,000",42,314,1,1,0,"1,884,000",0,314,0,0,"254,000","2,138,000",36,350,1,1,"419,000","2,557,000",56,406,1,1,0,"2,557,000",0,406,0,0,0,"2,557,000",0,406,0,0,"417,000","2,974,000",60,466,1,1,"1,389,000",194
82,철부지 아씨,1968-03-14,한국,한국,,,미정,드라마,김기풍,"문희,김정훈",0,"4,871,000",0,"2,398",0,0,0,"4,871,000",0,"2,398",0,0,0,"4,871,000",0,"2,398",0,0,0,"4,871,000",0,"2,398",0,0,"174,000","5,045,000",87,"2,485",1,4,"122,000","5,167,000",61,"2,546",1,4,"88,000","5,255,000",44,"2,590",1,4,"384,000",192
83,촌색씨,,한국,한국,,,,"멜로/로맨스,드라마",박영환,"이경태,최은희,이대엽,도금봉","370,000","4,084,000",185,"2,042",1,4,0,"4,084,000",0,"2,042",0,0,0,"4,084,000",0,"2,042",0,0,0,"4,084,000",0,"2,042",0,0,0,"4,084,000",0,"2,042",0,0,0,"4,084,000",0,"2,042",0,0,0,"4,084,000",0,"2,042",0,0,"370,000",185
84,너의 이름은.,2017-01-04,일본,일본,,메가박스중앙(주)플러스엠,12세이상관람가,"애니메이션,드라마,멜로/로맨스",신카이 마코토,"카미키 류노스케,카미시라이시 모네,나가사와 마사미,이치하라 에수코,유키 아오이,시마자키 노부나가,이시카와 카이토,타니 카논","1,085,000","29,854,594,556",135,"3,711,134",4,6,"54,000","29,854,648,556",8,"3,711,142",1,2,"70,000","29,854,718,556",9,"3,711,151",1,2,"131,000","29,854,849,556",16,"3,711,167",1,1,"24,000","29,854,873,556",3,"3,711,170",1,1,"37,000","29,854,910,556",6,"3,711,176",1,2,"36,000","29,854,946,556",6,"3,711,182",2,2,"1,437,000",183
85,굿타임,2018-01-04,미국,미국,,(주)드림팩트엔터테인먼트,15세이상관람가,"범죄,드라마","조쉬 사프디,베니 사프디","로버트 패틴슨,베니 사프디,제니퍼 제이슨 리","485,000","23,953,500",73,"3,056",11,12,"65,000","24,018,500",13,"3,069",8,8,"93,000","24,111,500",16,"3,085",7,7,"170,000","24,281,500",23,"3,108",5,5,"152,000","24,433,500",20,"3,128",5,5,"127,000","24,560,500",20,"3,148",8,8,"75,000","24,635,500",16,"3,164",8,8,"1,167,000",181
86,인시디어스4: 라스트 키,2018-01-31,미국,미국,,소니픽쳐스엔터테인먼트코리아주식회사극장배급지점,15세이상관람가,"공포(호러),미스터리,스릴러",애덤 로비텔,"스펜서 로크,린 샤예,조시 스튜어트,하비에르 보텟",0,0,0,0,0,0,"1,424,000","1,424,000",178,178,1,1,0,"1,424,000",0,178,0,0,0,"1,424,000",0,178,0,0,0,"1,424,000",0,178,0,0,0,"1,424,000",0,178,0,0,0,"1,424,000",0,178,0,0,"1,424,000",178
87,여인잔혹사 물레야 물레야,1984-02-25,한국,한국,한림영화,,연소자관람불가,사극,이두용,"김지영,문정숙,최성관,원미경,신일룡,정규영",0,"9,081,000",0,"4,538",0,0,0,"9,081,000",0,"4,538",0,0,0,"9,081,000",0,"4,538",0,0,0,"9,081,000",0,"4,538",0,0,0,"9,081,000",0,"4,538",0,0,"232,000","9,313,000",116,"4,654",1,4,"116,000","9,429,000",58,"4,712",1,3,"348,000",174
88,쾌락 도우미 무삭제,2018-01-18,한국,한국,노바엔터테인먼트,노바엔터테인먼트,청소년관람불가,,김재승,,0,0,0,0,0,0,"964,000","964,000",173,173,20,20,0,"964,000",0,173,0,0,0,"964,000",0,173,0,0,0,"964,000",0,173,0,0,0,"964,000",0,173,0,0,0,"964,000",0,173,0,0,"964,000",173
89,초행,2017-12-07,한국,한국,봄내필름,(주)인디플러그,12세이상관람가,드라마,김대환,"김새벽,조현철","210,200","56,585,900",31,"7,353",7,8,"54,000","56,639,900",8,"7,361",3,3,"1,007,000","57,646,900",97,"7,458",5,5,"40,000","57,686,900",6,"7,464",1,1,"35,000","57,721,900",5,"7,469",2,2,"122,000","57,843,900",16,"7,485",3,3,"24,000","57,867,900",3,"7,488",1,1,"1,492,200",166
90,연산군,1962-01-01,한국,한국,신필름,,청소년관람불가,"사극,드라마",신상옥,"신영균,최은희,도금봉,신성일,김동원",0,"12,031,000",0,"5,844",0,0,0,"12,031,000",0,"5,844",0,0,0,"12,031,000",0,"5,844",0,0,0,"12,031,000",0,"5,844",0,0,0,"12,031,000",0,"5,844",0,0,0,"12,031,000",0,"5,844",0,0,"330,000","12,361,000",165,"6,009",1,3,"330,000",165
91,내게 남은 사랑을,2017-11-02,한국,한국,"(주)와호엔터테인먼트,(재)CBS",(주)비엠컬쳐스,12세이상관람가,드라마,진광교,"성지루,전미선,권소현,양홍석,이예원,박민지,조윤담,이병준,이유진,이지훈,이현",0,"181,233,600",0,"27,504",0,0,0,"181,233,600",0,"27,504",0,0,0,"181,233,600",0,"27,504",0,0,0,"181,233,600",0,"27,504",0,0,"1,600,000","182,833,600",162,"27,666",1,1,0,"182,833,600",0,"27,666",0,0,0,"182,833,600",0,"27,666",0,0,"1,600,000",162
92,돌아온다,2017-12-07,한국,한국,(주)꿈길제작소,(주)더블앤조이픽쳐스,12세이상관람가,드라마,허철,"김유석,손수현,리우진,박병은,허상진","192,000","86,404,300",31,"13,327",3,5,"66,000","86,470,300",11,"13,338",2,2,"82,000","86,552,300",13,"13,351",2,2,"147,000","86,699,300",24,"13,375",2,2,"142,000","86,841,300",23,"13,398",2,2,"207,000","87,048,300",32,"13,430",5,7,"126,000","87,174,300",21,"13,451",3,4,"962,000",155
93,동창생의 목적 - 감독판,2018-01-17,한국,한국,(주)케이알씨지,(주)케이알씨지,청소년관람불가,멜로/로맨스,이민,,"804,000","804,000",146,146,21,21,"3,000","807,000",1,147,1,1,"3,000","810,000",1,148,1,1,"3,000","813,000",1,149,1,1,"3,000","816,000",1,150,1,1,"3,000","819,000",1,151,1,1,0,"819,000",0,151,0,0,"819,000",151
94,고령가 소년 살인사건,2017-11-23,대만,대만,,(주)리틀빅픽쳐스,15세이상관람가,드라마,에드워드 양,"장첸,왕 주안,금연령,장 구주","228,000","109,895,500",19,"8,062",3,3,"30,000","109,925,500",2,"8,064",1,1,"165,000","110,090,500",11,"8,075",2,2,"170,000","110,260,500",26,"8,101",2,2,"152,000","110,412,500",14,"8,115",2,2,0,"110,412,500",0,"8,115",0,0,"1,065,000","111,477,500",75,"8,190",3,3,"1,810,000",147
95,이터널 선샤인,2005-11-10,미국,미국,포커스피쳐스,"(주)노바미디어,코리아픽쳐스(주)",15세관람가,멜로/로맨스,미셸 공드리,"짐 캐리,케이트 윈슬렛,커스틴 던스트,마크 러팔로,일라이저 우드","146,000","3,862,923,092",25,"506,416",2,2,"232,000","3,863,155,092",26,"506,442",1,1,0,"3,863,155,092",0,"506,442",0,0,"222,000","3,863,377,092",25,"506,467",1,2,"328,000","3,863,705,092",34,"506,501",1,1,"203,000","3,863,908,092",23,"506,524",1,1,"108,000","3,864,016,092",13,"506,537",1,1,"1,239,000",146
96,피안화,,일본,일본,,,15세이상관람가,,오즈 야스지로,"사다 케이지,아리마 이네코,사부리 신","440,000","1,958,000",62,314,1,1,0,"1,958,000",0,314,0,0,0,"1,958,000",0,314,0,0,0,"1,958,000",0,314,0,0,"343,000","2,301,000",50,364,1,1,0,"2,301,000",0,364,0,0,"180,000","2,481,000",25,389,1,1,"963,000",137
97,극장판 프리파라 모두의 동경♪ 렛츠고☆프리파리,2017-12-28,일본,일본,,(주)박수엔터테인먼트,전체관람가,애니메이션,모리와키 마코토,,"80,000","430,717,300",13,"56,408",3,3,"5,000","430,722,300",1,"56,409",1,1,"662,000","431,384,300",84,"56,493",3,3,0,"431,384,300",0,"56,493",0,0,0,"431,384,300",0,"56,493",0,0,"17,000","431,401,300",3,"56,496",2,2,"293,000","431,694,300",34,"56,530",3,3,"1,057,000",135
98,온리 더 브레이브,2018-03-07,미국,미국,,㈜코리아스크린,12세이상관람가,드라마,조셉 코신스키,"조슈 브롤린,마일즈 텔러,제프 브리지스,제임스 뱃지 데일,테일러 키취,제니퍼 코넬리",0,"1,056,000",0,132,0,0,"1,056,000","2,112,000",132,264,1,1,0,"2,112,000",0,264,0,0,0,"2,112,000",0,264,0,0,0,"2,112,000",0,264,0,0,0,"2,112,000",0,264,0,0,0,"2,112,000",0,264,0,0,"1,056,000",132
98,한없는 추적,,미국,미국,,,,"액션,어드벤처,범죄,서부극(웨스턴)",라울 월쉬,"록 허드슨,도나 리드","294,000","294,000",98,98,1,3,0,"294,000",0,98,0,0,0,"294,000",0,98,0,0,"68,000","362,000",34,132,1,1,0,"362,000",0,132,0,0,0,"362,000",0,132,0,0,0,"362,000",0,132,0,0,"362,000",132
98,홈 타운 스토리,,미국,미국,,,,드라마,아서 피어슨,"제프리 린,도날드 크리스프,마조리 레이놀드","264,000","585,000",132,290,1,7,0,"585,000",0,290,0,0,0,"585,000",0,290,0,0,0,"585,000",0,290,0,0,0,"585,000",0,290,0,0,0,"585,000",0,290,0,0,0,"585,000",0,290,0,0,"264,000",132
101,오리엔트 특급 살인,2017-11-29,미국,미국,,이십세기폭스코리아(주),12세이상관람가,"드라마,미스터리,범죄",케네스 브래너,"케네스 브래너,페넬로페 크루즈,윌렘 데포,주디 덴치,조니 뎁,조시 게드,데렉 자코비,미쉘 파이퍼,데이지 리들리","300,000","6,644,585,163",40,"864,657",3,3,"80,000","6,644,665,163",10,"864,667",1,1,"80,000","6,644,745,163",10,"864,677",1,1,"200,000","6,644,945,163",25,"864,702",1,1,"200,000","6,645,145,163",25,"864,727",1,1,"80,000","6,645,225,163",10,"864,737",1,1,"80,000","6,645,305,163",10,"864,747",1,1,"1,020,000",130
102,메리 크리스마스 미스터 모,2017-12-14,한국,한국,영화사 달리기,㈜인디스토리,12세이상관람가,코미디,임대형,"기주봉,오정환,고원희,전여빈,유재명,전순옥,전재민,전해성,정연진,이다솔,이우정,이진희,김민수","42,000","28,909,200",6,"4,084",4,4,"195,000","29,104,200",28,"4,112",3,3,"3,500","29,107,700",1,"4,113",1,1,"81,000","29,188,700",11,"4,124",2,2,"37,000","29,225,700",6,"4,130",3,3,"503,000","29,728,700",63,"4,193",3,3,"82,500","29,811,200",14,"4,207",3,3,"944,000",129
102,삼등과장,,한국,한국,,,,"코미디,멜로/로맨스,드라마",이봉래,"김승호,도금봉,황정순,김희갑","258,000","2,719,000",129,"1,369",1,2,0,"2,719,000",0,"1,369",0,0,0,"2,719,000",0,"1,369",0,0,0,"2,719,000",0,"1,369",0,0,0,"2,719,000",0,"1,369",0,0,0,"2,719,000",0,"1,369",0,0,0,"2,719,000",0,"1,369",0,0,"258,000",129
104,동경 이야기,2014-08-16,일본,일본,,오드,전체관람가,드라마,오즈 야스지로,"치슈 류,히가시야마 치에코",0,"8,252,400",0,"1,057",0,0,"918,000","9,170,400",128,"1,185",1,1,0,"9,170,400",0,"1,185",0,0,0,"9,170,400",0,"1,185",0,0,0,"9,170,400",0,"1,185",0,0,0,"9,170,400",0,"1,185",0,0,0,"9,170,400",0,"1,185",0,0,"918,000",128
105,만춘,,일본,일본,,,15세이상관람가,,오즈 야스지로,"미시마 마사오,하라 세츠코,아오키 호히",0,"2,393,000",0,413,0,0,0,"2,393,000",0,413,0,0,0,"2,393,000",0,413,0,0,0,"2,393,000",0,413,0,0,"883,000","3,276,000",127,540,1,1,0,"3,276,000",0,540,0,0,0,"3,276,000",0,540,0,0,"883,000",127
106,레더페이스,2018-01-25,캐나다,캐나다,,(주)드림팩트엔터테인먼트,청소년관람불가,"공포(호러),스릴러","알렉상드르 뷔스티요,줄리엔 모리","스티븐 도프,릴리 테일러",0,0,0,0,0,0,"1,134,000","1,134,000",126,126,1,1,0,"1,134,000",0,126,0,0,0,"1,134,000",0,126,0,0,0,"1,134,000",0,126,0,0,0,"1,134,000",0,126,0,0,0,"1,134,000",0,126,0,0,"1,134,000",126
107,사무라이 2,,일본,일본,,,,어드벤처,이나가키 히로시,"미후네 토시로,히라타 아키히코,오카다 마리코",0,0,0,0,0,0,0,0,0,0,0,0,0,0,0,0,0,0,0,0,0,0,0,0,0,0,0,0,0,0,0,0,0,0,0,0,"228,000","228,000",121,121,1,3,"228,000",121
108,4등,2016-04-13,한국,한국,"국가인권위원회,정지우 필름","(주)프레인글로벌,CGV아트하우스",15세이상관람가,드라마,정지우,"박해준,이항나,유재상,최무성,정가람,유재명,남문철,이혁찬,임유진,이상혁,이승준,최은미,권세정",0,"288,401,700",0,"38,909",0,0,"840,000","289,241,700",120,"39,029",1,1,0,"289,241,700",0,"39,029",0,0,0,"289,241,700",0,"39,029",0,0,0,"289,241,700",0,"39,029",0,0,0,"289,241,700",0,"39,029",0,0,0,"289,241,700",0,"39,029",0,0,"840,000",120
108,감금의 시간 2 무삭제,2018-01-17,한국,한국,(주)영화사히트,(주)영화사히트,청소년관람불가,코미디,김대성,,"701,000","701,000",120,120,20,20,0,"701,000",0,120,0,0,0,"701,000",0,120,0,0,0,"701,000",0,120,0,0,0,"701,000",0,120,0,0,0,"701,000",0,120,0,0,0,"701,000",0,120,0,0,"701,000",120
108,불한당: 나쁜 놈들의 세상,2017-05-17,한국,한국,"씨제이이앤엠(주),(주)바른손",씨제이이앤엠(주),청소년관람불가,"범죄,액션,드라마",변성현,"설경구,임시완,김희원,전혜진,이경영,김성오,허준호,박정주,박지호,박형우,임효은,정기욱,주현수,윤준희,최형욱,이미소,이시훈,이영호,이은비,이인규,이정우,이정호,김말구,문지윤",0,"7,587,382,625",0,"939,577",0,0,0,"7,587,382,625",0,"939,577",0,0,0,"7,587,382,625",0,"939,577",0,0,"1,080,000","7,588,462,625",120,"939,697",1,1,0,"7,588,462,625",0,"939,697",0,0,0,"7,588,462,625",0,"939,697",0,0,0,"7,588,462,625",0,"939,697",0,0,"1,080,000",120
111,제17 포로수용소,,미국,미국,,,,"드라마,전쟁",빌리 와일더,"윌리엄 홀든,돈 테일러","231,000","7,971,000",119,"4,022",1,2,0,"7,971,000",0,"4,022",0,0,0,"7,971,000",0,"4,022",0,0,0,"7,971,000",0,"4,022",0,0,0,"7,971,000",0,"4,022",0,0,0,"7,971,000",0,"4,022",0,0,0,"7,971,000",0,"4,022",0,0,"231,000",119
112,스팔타카스,1974-01-23,미국,미국,브라이나프로덕션즈,,,"드라마,액션,사극",스탠리 큐브릭,"커크 더글라스,로렌스 올리비에","70,000","7,812,000",35,"3,918",1,2,"60,000","7,872,000",30,"3,948",1,2,"90,000","7,962,000",45,"3,993",1,2,0,"7,962,000",0,"3,993",0,0,0,"7,962,000",0,"3,993",0,0,0,"7,962,000",0,"3,993",0,0,0,"7,962,000",0,"3,993",0,0,"220,000",110
113,스노우맨,2017-12-14,미국,미국,,유니버설픽쳐스인터내셔널 코리아(유),청소년관람불가,"범죄,드라마,미스터리",토마스 알프레드슨,"마이클 패스벤더,레베카 퍼거슨","90,000","11,981,200",15,"1,548",1,1,"90,000","12,071,200",15,"1,563",1,1,"105,000","12,176,200",15,"1,578",1,1,"105,000","12,281,200",15,"1,593",1,1,"105,000","12,386,200",15,"1,608",1,1,"90,000","12,476,200",15,"1,623",1,1,"90,000","12,566,200",15,"1,638",1,1,"675,000",105
114,서바이벌 패밀리,2018-01-18,일본,일본,,윤스,전체관람가,코미디,야구치 시노부,"코히나타 후미요,후카츠 에리",0,0,0,0,0,0,"100,000","100,000",21,21,7,7,"33,000","133,000",5,26,2,2,"260,000","393,000",54,80,3,3,"58,000","451,000",9,89,2,2,"5,000","456,000",1,90,1,1,"59,000","515,000",13,103,2,2,"515,000",103
115,"안녕, 나의 소울메이트",2017-12-07,홍콩,홍콩,,(주)나이너스엔터테인먼트,15세이상관람가,드라마,증국상,"주동우,마사순,이정빈","139,000","196,605,700",19,"24,996",2,2,"5,000","196,610,700",1,"24,997",1,1,"153,000","196,763,700",21,"25,018",3,3,"15,000","196,778,700",3,"25,021",1,1,"180,000","196,958,700",18,"25,039",1,1,"152,000","197,110,700",25,"25,064",1,1,"52,000","197,162,700",9,"25,073",2,2,"696,000",96
115,월터의 상상은 현실이 된다,2013-12-31,미국,미국,,"글뫼 주식회사,이십세기폭스코리아(주)",12세이상관람가,"어드벤처,코미디,드라마",벤 스틸러,"벤 스틸러,크리스틴 위그,숀 펜,셜리 맥클레인",0,"6,993,408,499",0,"955,857",0,0,0,"6,993,408,499",0,"955,857",0,0,"768,000","6,994,176,499",96,"955,953",1,1,0,"6,994,176,499",0,"955,953",0,0,0,"6,994,176,499",0,"955,953",0,0,0,"6,994,176,499",0,"955,953",0,0,0,"6,994,176,499",0,"955,953",0,0,"768,000",96
117,플로리다 프로젝트,2018-03-07,미국,미국,,오드,15세이상관람가,드라마,션 베이커,윌렘 데포,"736,000","1,472,000",92,184,1,1,0,"1,472,000",0,184,0,0,0,"1,472,000",0,184,0,0,0,"1,472,000",0,184,0,0,0,"1,472,000",0,184,0,0,0,"1,472,000",0,184,0,0,0,"1,472,000",0,184,0,0,"736,000",92
118,맥추,,일본,일본,,,15세이상관람가,,오즈 야스지로,하라 세츠코,0,"2,174,000",0,365,0,0,"364,000","2,538,000",54,419,1,1,0,"2,538,000",0,419,0,0,0,"2,538,000",0,419,0,0,"257,000","2,795,000",36,455,1,1,0,"2,795,000",0,455,0,0,0,"2,795,000",0,455,0,0,"621,000",90
118,백만장자와 결혼하는 법,,미국,미국,,,12세관람가,"코미디,멜로/로맨스",진 네글레스코,"마릴린 몬로,베티 그레블,로렌 바콜",0,"4,159,000",0,"1,871",0,0,0,"4,159,000",0,"1,871",0,0,0,"4,159,000",0,"1,871",0,0,0,"4,159,000",0,"1,871",0,0,0,"4,159,000",0,"1,871",0,0,0,"4,159,000",0,"1,871",0,0,"180,000","4,339,000",90,"1,961",1,4,"180,000",90
120,적인걸2 : 신도해왕의 비밀,2013-10-02,중국,중국,,씨너스엔터테인먼트(주),12세이상관람가,"미스터리,액션",서극,"안젤라 베이비,조우정,김범,풍소봉","24,000","330,132,000",4,"47,096",1,1,0,"330,132,000",0,"47,096",0,0,0,"330,132,000",0,"47,096",0,0,"421,000","330,553,000",83,"47,179",1,1,0,"330,553,000",0,"47,179",0,0,0,"330,553,000",0,"47,179",0,0,0,"330,553,000",0,"47,179",0,0,"445,000",87
121,그녀,2014-05-22,미국,미국,,유니버설픽쳐스인터내셔널 코리아(유),청소년관람불가,"드라마,멜로/로맨스",스파이크 존즈,"호아킨 피닉스,스칼렛 요한슨,에이미 아담스,루니 마라",0,"2,893,075,541",0,"355,646",0,0,0,"2,893,075,541",0,"355,646",0,0,0,"2,893,075,541",0,"355,646",0,0,0,"2,893,075,541",0,"355,646",0,0,0,"2,893,075,541",0,"355,646",0,0,0,"2,893,075,541",0,"355,646",0,0,"756,000","2,893,831,541",84,"355,730",1,1,"756,000",84
122,내가 마지막 본 파리,2011-02-07,미국,미국,,,12세이상관람가,멜로/로맨스,리차드 브룩스,"엘리자베스 테일러,반 존슨","154,000","15,231,000",77,"7,245",1,4,0,"15,231,000",0,"7,245",0,0,0,"15,231,000",0,"7,245",0,0,0,"15,231,000",0,"7,245",0,0,0,"15,231,000",0,"7,245",0,0,0,"15,231,000",0,"7,245",0,0,0,"15,231,000",0,"7,245",0,0,"154,000",77
123,승리의 탈출,1982-04-03,미국,미국,,,연소자관람가,드라마,존 휴스턴,"마이클 케인,펠레,실베스터 스탤론",0,"45,000",0,15,0,0,"186,000","231,000",62,77,1,1,0,"231,000",0,77,0,0,0,"231,000",0,77,0,0,"36,000","267,000",12,89,1,1,0,"267,000",0,89,0,0,0,"267,000",0,89,0,0,"222,000",74
124,오렌지필름 영화제 요즘 어떤 이별 하세요?,,한국,한국,,,,기타,,,0,"402,000",0,58,0,0,0,"402,000",0,58,0,0,0,"402,000",0,58,0,0,"504,000","906,000",72,130,1,1,0,"906,000",0,130,0,0,0,"906,000",0,130,0,0,0,"906,000",0,130,0,0,"504,000",72
124,키드냅,2017-11-22,미국,미국,,(주)제이앤씨미디어그룹,15세이상관람가,"액션,스릴러",루이스 프리에토,할리 베리,0,"214,871,800",0,"27,854",0,0,0,"214,871,800",0,"27,854",0,0,"171,000","215,042,800",57,"27,911",1,3,0,"215,042,800",0,"27,911",0,0,"30,000","215,072,800",15,"27,926",1,1,0,"215,072,800",0,"27,926",0,0,0,"215,072,800",0,"27,926",0,0,"201,000",72
126,아이 앰 히스 레저,2017-10-19,캐나다,캐나다,,오드,12세이상관람가,다큐멘터리,"아드리안 부이텐후이스,데릭 머레이","히스 레저,나오미 왓츠","101,000","158,733,439",13,"19,828",1,1,0,"158,733,439",0,"19,828",0,0,0,"158,733,439",0,"19,828",0,0,0,"158,733,439",0,"19,828",0,0,0,"158,733,439",0,"19,828",0,0,"506,000","159,239,439",57,"19,885",1,1,0,"159,239,439",0,"19,885",0,0,"607,000",70
127,엔트랩먼트,1999-05-29,미국,미국,"이십세기폭스필름코퍼레이션,리젠시 엔터프라이즈,폰테인브릿지필름,타우러스 필름",,12세관람가,"범죄,액션,어드벤처,코미디",존 아미엘,"숀 코네리,캐서린 제타-존스",0,0,0,0,0,0,"78,000","78,000",26,26,1,1,0,"78,000",0,26,0,0,"123,000","201,000",41,67,1,1,0,"201,000",0,67,0,0,0,"201,000",0,67,0,0,0,"201,000",0,67,0,0,"201,000",67
128,스타박'스 다방,2018-01-11,한국,한국,영화사 온난전선,(주)드림팩트엔터테인먼트,15세이상관람가,"코미디,드라마",이상우,"백성현,이상아,서신애,이정구,신원호","121,000","12,704,500",20,"1,777",8,8,"49,000","12,753,500",7,"1,784",3,3,"125,500","12,879,000",24,"1,808",4,4,0,"12,879,000",0,"1,808",0,0,"17,500","12,896,500",3,"1,811",2,2,"3,500","12,900,000",1,"1,812",2,2,"35,500","12,935,500",6,"1,818",3,3,"352,000",61
129,꽁치의 맛,,일본,일본,,,,드라마,오즈 야스지로,"치슈 류,이와시타 시마",0,"4,570,000",0,727,0,0,0,"4,570,000",0,727,0,0,0,"4,570,000",0,727,0,0,"411,000","4,981,000",58,785,1,1,0,"4,981,000",0,785,0,0,0,"4,981,000",0,785,0,0,0,"4,981,000",0,785,0,0,"411,000",58
130,결투자들,,영국,영국,,,,전쟁,리들리 스콧,"키스 캐러딘,하비 케이틀",0,"122,000",0,25,0,0,0,"122,000",0,25,0,0,0,"122,000",0,25,0,0,"96,000","218,000",32,57,1,1,"75,000","293,000",25,82,1,1,0,"293,000",0,82,0,0,0,"293,000",0,82,0,0,"171,000",57
130,빌리 엘리어트,2001-02-16,영국,"영국,프랑스",,"(주)팝엔터테인먼트,유아이피-씨아이씨영화및비디오배급(유)","12세이상관람가,12세관람가","가족,드라마",스티븐 달드리,"제이미 벨,줄리 월터스",0,"192,643,000",0,"25,701",0,0,0,"192,643,000",0,"25,701",0,0,0,"192,643,000",0,"25,701",0,0,"344,000","192,987,000",39,"25,740",1,1,0,"192,987,000",0,"25,740",0,0,"152,500","193,139,500",18,"25,758",1,1,0,"193,139,500",0,"25,758",0,0,"496,500",57
132,나의 연기 워크샵,2017-12-28,한국,한국,궁금단영화,무브먼트,15세이상관람가,드라마,안선경,"김소희,이관헌,김강은,성호준,서원경,권수민,서혜주,황지우,황효상","23,000","9,707,000",3,"1,294",2,2,"24,000","9,731,000",3,"1,297",1,1,"23,000","9,754,000",3,"1,300",3,3,"192,000","9,946,000",28,"1,328",1,1,"54,000","10,000,000",9,"1,337",1,1,"16,000","10,016,000",2,"1,339",1,1,"45,000","10,061,000",6,"1,345",3,3,"377,000",54
133,아프리칸 닥터,2016-11-03,프랑스,프랑스,,M&M 인터내셔널,12세이상관람가,"코미디,드라마",줄리앙 람발디,"마크 진가,아이사 마이가,조나단 랑베르,루퍼스",0,"15,079,500",0,"2,368",0,0,0,"15,079,500",0,"2,368",0,0,0,"15,079,500",0,"2,368",0,0,0,"15,079,500",0,"2,368",0,0,"364,000","15,443,500",52,"2,420",1,1,0,"15,443,500",0,"2,420",0,0,0,"15,443,500",0,"2,420",0,0,"364,000",52
134,"서서평, 천천히 평온하게",2017-04-26,한국,한국,재단법인 온누리선교재단(CGNTV),커넥트픽쳐스(주),전체관람가,다큐멘터리,"홍주연,홍현정","윤안나,안은새,강다연,도세진,민주홍,박사라,이상운,진미혜,최용수,최진",0,"878,090,400",0,"123,344",0,0,0,"878,090,400",0,"123,344",0,0,0,"878,090,400",0,"123,344",0,0,"350,000","878,440,400",50,"123,394",1,1,0,"878,440,400",0,"123,394",0,0,0,"878,440,400",0,"123,394",0,0,0,"878,440,400",0,"123,394",0,0,"350,000",50
135,대결,1971-01-20,프랑스,"프랑스,이탈리아",,,,드라마,장 피에르 멜빌,"알랑 드롱,부르빌,지안 마리아 볼론테",0,"2,318,000",0,370,0,0,0,"2,318,000",0,370,0,0,"244,000","2,562,000",49,419,1,1,0,"2,562,000",0,419,0,0,0,"2,562,000",0,419,0,0,0,"2,562,000",0,419,0,0,0,"2,562,000",0,419,0,0,"244,000",49
136,밤의 열기 속으로,,미국,미국,,,,"드라마,미스터리,범죄",노만 주이슨,"시드니 포이티어,로드 스테이거",0,"178,000",0,37,0,0,0,"178,000",0,37,0,0,0,"178,000",0,37,0,0,0,"178,000",0,37,0,0,"242,000","420,000",46,83,1,1,0,"420,000",0,83,0,0,0,"420,000",0,83,0,0,"242,000",46
137,맨체스터 바이 더 씨,2017-02-15,미국,미국,,THE 픽쳐스,15세이상관람가,드라마,케네스 로너건,"케이시 애플렉,미쉘 윌리엄스,카일 챈들러,테이트 도노반,조쉬 해밀톤,매튜 브로데릭,그레첸 몰,톰 켐프,카라 헤이워드","211,500","446,832,500",40,"55,698",1,1,0,"446,832,500",0,"55,698",0,0,0,"446,832,500",0,"55,698",0,0,0,"446,832,500",0,"55,698",0,0,0,"446,832,500",0,"55,698",0,0,"22,000","446,854,500",4,"55,702",1,1,0,"446,854,500",0,"55,702",0,0,"233,500",44
138,60만번의 트라이,2014-09-18,한국,"한국,일본","꼬마프레스,60만번의트라이제작위원회",㈜인디스토리,12세이상관람가,다큐멘터리,"박사유,박돈사","문정희,조성경,최현,김관태,문정희,문정희",0,"148,811,300",0,"21,440",0,0,0,"148,811,300",0,"21,440",0,0,0,"148,811,300",0,"21,440",0,0,0,"148,811,300",0,"21,440",0,0,0,"148,811,300",0,"21,440",0,0,"92,000","148,903,300",43,"21,483",1,3,0,"148,903,300",0,"21,483",0,0,"92,000",43
139,미스터 클라인,,,,,,,,,,0,"294,000",0,63,0,0,0,"294,000",0,63,0,0,"204,000","498,000",40,103,1,1,0,"498,000",0,103,0,0,0,"498,000",0,103,0,0,0,"498,000",0,103,0,0,0,"498,000",0,103,0,0,"204,000",40
140,태양은 가득히,1973-02-03,프랑스,"프랑스,이탈리아",,,12세이상관람가,"범죄,스릴러",르네 끄레망,"알랑 드롱,마리 라포레,모리스 로네","196,000","25,662,000",38,"11,296",1,1,0,"25,662,000",0,"11,296",0,0,0,"25,662,000",0,"11,296",0,0,0,"25,662,000",0,"11,296",0,0,0,"25,662,000",0,"11,296",0,0,0,"25,662,000",0,"11,296",0,0,0,"25,662,000",0,"11,296",0,0,"196,000",38
140,튤립 피버,2017-12-14,영국,"영국,미국",,(주)팝엔터테인먼트,청소년관람불가,"드라마,멜로/로맨스",저스틴 채드윅,"데인 드한,알리시아 비칸데르,크리스토프 왈츠","124,000","425,377,049",23,"53,104",2,3,0,"425,377,049",0,"53,104",0,0,0,"425,377,049",0,"53,104",0,0,0,"425,377,049",0,"53,104",0,0,"36,000","425,413,049",4,"53,108",1,1,"91,000","425,504,049",11,"53,119",1,1,0,"425,504,049",0,"53,119",0,0,"251,000",38
140,프렌치 커넥션,1972-05-27,미국,미국,이십세기폭스필름코퍼레이션,,,"드라마,액션,스릴러,범죄",윌리엄 프리드킨,"로이 샤이더,페르난도 레이,진 해크만","202,000","1,775,000",38,295,1,1,0,"1,775,000",0,295,0,0,0,"1,775,000",0,295,0,0,0,"1,775,000",0,295,0,0,0,"1,775,000",0,295,0,0,0,"1,775,000",0,295,0,0,0,"1,775,000",0,295,0,0,"202,000",38
143,나의 서른에게,2017-11-23,홍콩,홍콩,,(주)박수엔터테인먼트,15세이상관람가,드라마,팽수혜,"주수나,정흔의",0,"26,068,900",0,"3,593",0,0,0,"26,068,900",0,"3,593",0,0,0,"26,068,900",0,"3,593",0,0,"235,500","26,304,400",36,"3,629",1,1,0,"26,304,400",0,"3,629",0,0,0,"26,304,400",0,"3,629",0,0,0,"26,304,400",0,"3,629",0,0,"235,500",36
143,카페 소사이어티,2016-09-14,미국,미국,,CGV아트하우스,15세이상관람가,"멜로/로맨스,드라마",우디 앨런,"제시 아이젠버그,크리스틴 스튜어트,스티브 카렐,블레이크 라이블리",0,"1,048,289,666",0,"126,585",0,0,"143,000","1,048,432,666",22,"126,607",1,1,0,"1,048,432,666",0,"126,607",0,0,0,"1,048,432,666",0,"126,607",0,0,0,"1,048,432,666",0,"126,607",0,0,"97,500","1,048,530,166",14,"126,621",1,1,0,"1,048,530,166",0,"126,621",0,0,"240,500",36
145,조용한 열정,2017-11-23,영국,"영국,벨기에",,"주식회사 디에스이이디,(주)로카",12세이상관람가,드라마,테렌스 데이비스,"신시아 닉슨,제니퍼 엘",0,"36,071,800",0,"4,837",0,0,0,"36,071,800",0,"4,837",0,0,0,"36,071,800",0,"4,837",0,0,0,"36,071,800",0,"4,837",0,0,0,"36,071,800",0,"4,837",0,0,"204,000","36,275,800",34,"4,871",1,1,0,"36,275,800",0,"4,871",0,0,"204,000",34
146,어느 하녀의 일기,,프랑스,"프랑스,이탈리아",,,,"범죄,드라마",루이스 브뉘엘,"잔느 모로,그레제스 제레트",0,"288,000",0,58,0,0,"154,000","442,000",33,91,1,1,0,"442,000",0,91,0,0,0,"442,000",0,91,0,0,0,"442,000",0,91,0,0,0,"442,000",0,91,0,0,0,"442,000",0,91,0,0,"154,000",33
147,라라랜드,2016-12-07,미국,미국,,판씨네마(주),12세이상관람가,"드라마,뮤지컬,멜로/로맨스",다미엔 차젤레,"엠마 스톤,라이언 고슬링,핀 위트록,J.K. 시몬스,로즈마리 드윗",0,"29,824,218,894",0,"3,571,063",0,0,0,"29,824,218,894",0,"3,571,063",0,0,"57,000","29,824,275,894",7,"3,571,070",1,1,"156,000","29,824,431,894",16,"3,571,086",1,1,"90,000","29,824,521,894",9,"3,571,095",1,1,0,"29,824,521,894",0,"3,571,095",0,0,0,"29,824,521,894",0,"3,571,095",0,0,"303,000",32
148,내 사랑,2017-07-12,아일랜드,"아일랜드,캐나다",,오드,12세이상관람가,"드라마,멜로/로맨스",에이슬링 월쉬,"샐리 호킨스,에단 호크","7,000","2,457,566,625",1,"336,159",1,1,0,"2,457,566,625",0,"336,159",0,0,0,"2,457,566,625",0,"336,159",0,0,"201,000","2,457,767,625",21,"336,180",1,1,0,"2,457,767,625",0,"336,180",0,0,0,"2,457,767,625",0,"336,180",0,0,"69,000","2,457,836,625",8,"336,188",1,1,"277,000",30
148,야곱 신부의 편지,2012-05-10,핀란드,핀란드,,뉴원시네마,12세이상관람가,드라마,클라우스 해로,"카리나 하자드,헤이키 노우시아이넨,카이자 파카리넨",0,"81,633,000",0,"11,847",0,0,0,"81,633,000",0,"11,847",0,0,"210,000","81,843,000",30,"11,877",1,1,0,"81,843,000",0,"11,877",0,0,0,"81,843,000",0,"11,877",0,0,0,"81,843,000",0,"11,877",0,0,0,"81,843,000",0,"11,877",0,0,"210,000",30
150,뜨거운 양철 지붕 위의 고양이,,미국,미국,,,,드라마,리차드 브룩스,"엘리자베스 테일러,폴 뉴먼,벌 아이비스",0,"17,043,000",0,"7,883",0,0,"146,000","17,189,000",29,"7,912",1,1,0,"17,189,000",0,"7,912",0,0,0,"17,189,000",0,"7,912",0,0,0,"17,189,000",0,"7,912",0,0,0,"17,189,000",0,"7,912",0,0,0,"17,189,000",0,"7,912",0,0,"146,000",29
151,"메밀꽃, 운수 좋은 날, 그리고 봄봄",2014-08-21,한국,한국,"(주)연필로명상하기,한국교육방송공사 EBS",이달투,전체관람가,애니메이션,"안재훈,한혜진","장광,엄상현,류현경,강은탁","44,000","226,805,195",22,"35,290",1,1,0,"226,805,195",0,"35,290",0,0,0,"226,805,195",0,"35,290",0,0,0,"226,805,195",0,"35,290",0,0,0,"226,805,195",0,"35,290",0,0,0,"226,805,195",0,"35,290",0,0,"10,000","226,815,195",5,"35,295",1,3,"54,000",27
152,젊은이의 양지,1972-10-28,미국,미국,파라마운트 픽쳐스,,15세이상관람가,"드라마,액션,멜로/로맨스",조지 스티븐스,"엘리자베스 테일러,몽고메리 클리프트",0,"18,889,000",0,"8,776",0,0,0,"18,889,000",0,"8,776",0,0,0,"18,889,000",0,"8,776",0,0,0,"18,889,000",0,"8,776",0,0,0,"18,889,000",0,"8,776",0,0,0,"18,889,000",0,"8,776",0,0,"130,000","19,019,000",26,"8,802",1,1,"130,000",26
153,연인들,,프랑스,프랑스,,,,드라마,루이 말,잔느 모로,0,"211,000",0,47,0,0,0,"211,000",0,47,0,0,0,"211,000",0,47,0,0,0,"211,000",0,47,0,0,"110,000","321,000",25,72,1,1,0,"321,000",0,72,0,0,0,"321,000",0,72,0,0,"110,000",25
154,나는 전쟁 신부,,,,,,,,,,0,"804,000",0,126,0,0,"69,000","873,000",23,149,1,1,0,"873,000",0,149,0,0,0,"873,000",0,149,0,0,0,"873,000",0,149,0,0,0,"873,000",0,149,0,0,0,"873,000",0,149,0,0,"69,000",23
155,"나는 내일, 어제의 너와 만난다",2017-10-12,일본,일본,,(주)디스테이션,12세이상관람가,"멜로/로맨스,판타지,SF",미키 타카히로,"후쿠시 소우타,코마츠 나나,히가시데 마사히로",0,"1,345,466,900",0,"175,614",0,0,0,"1,345,466,900",0,"175,614",0,0,0,"1,345,466,900",0,"175,614",0,0,0,"1,345,466,900",0,"175,614",0,0,"149,000","1,345,615,900",22,"175,636",1,1,0,"1,345,615,900",0,"175,636",0,0,0,"1,345,615,900",0,"175,636",0,0,"149,000",22
155,소나기,2017-08-31,한국,한국,"(주)연필로명상하기,한국교육방송공사 EBS",(주)리틀빅픽쳐스,전체관람가,애니메이션,안재훈,"노강민,신은수,최상현,최윤재,이상욱,이현우","44,000","79,482,808",22,"12,425",1,1,0,"79,482,808",0,"12,425",0,0,0,"79,482,808",0,"12,425",0,0,0,"79,482,808",0,"12,425",0,0,0,"79,482,808",0,"12,425",0,0,0,"79,482,808",0,"12,425",0,0,0,"79,482,808",0,"12,425",0,0,"44,000",22
155,콘돌,1990-01-01,미국,미국,파라마운트 픽쳐스,파라마운트 픽쳐스,고등학생이상관람가,"드라마,스릴러",시드니 폴락,로버트 레드포드,0,"138,000",0,46,0,0,0,"138,000",0,46,0,0,0,"138,000",0,46,0,0,"66,000","204,000",22,68,1,1,0,"204,000",0,68,0,0,0,"204,000",0,68,0,0,0,"204,000",0,68,0,0,"66,000",22
158,케렐,,서독,"서독,프랑스",,,,드라마,라이너 베르너 파스빈더,"브래드 데이비스,프랑코 네로",0,"124,000",0,24,0,0,0,"124,000",0,24,0,0,0,"124,000",0,24,0,0,"108,000","232,000",21,45,1,1,0,"232,000",0,45,0,0,0,"232,000",0,45,0,0,0,"232,000",0,45,0,0,"108,000",21
159,러브레터,1999-11-20,일본,일본,후지텔레비젼네트웍,"(주)제이앤씨미디어그룹,(유)조이앤시네마,(주)팝엔터테인먼트",전체관람가,"멜로/로맨스,드라마",이와이 슌지,"나까야마 미호,토요카와 에츠시,사카이 미키",0,"773,318,192",0,"101,325",0,0,0,"773,318,192",0,"101,325",0,0,0,"773,318,192",0,"101,325",0,0,"49,000","773,367,192",5,"101,330",1,1,"148,000","773,515,192",15,"101,345",1,1,0,"773,515,192",0,"101,345",0,0,0,"773,515,192",0,"101,345",0,0,"197,000",20
159,루터,2017-10-18,독일,독일,,THE 픽쳐스,12세이상관람가,드라마,에릭 틸,"조셉 파인즈,알프리드 몰리나,브루노 간츠",0,"219,207,300",0,"31,319",0,0,"120,000","219,327,300",20,"31,339",1,1,0,"219,327,300",0,"31,339",0,0,0,"219,327,300",0,"31,339",0,0,0,"219,327,300",0,"31,339",0,0,0,"219,327,300",0,"31,339",0,0,0,"219,327,300",0,"31,339",0,0,"120,000",20
159,일주일간 친구,2017-12-28,일본,일본,,노바엔터테인먼트,12세이상관람가,"멜로/로맨스,드라마",무라카미 쇼스케,"야마자키 켄토,카와구치 하루나","17,000","18,440,300",3,"2,470",2,2,"6,000","18,446,300",1,"2,471",1,1,"23,000","18,469,300",4,"2,475",3,3,"52,000","18,521,300",8,"2,483",1,1,"18,000","18,539,300",3,"2,486",1,1,0,"18,539,300",0,"2,486",0,0,"6,000","18,545,300",1,"2,487",1,1,"122,000",20
162,더티 해리,1972-09-21,미국,미국,워너 브러더스 픽쳐스,,청소년관람불가,"드라마,범죄,스릴러,액션",돈 시겔,클린트 이스트우드,"38,000","908,000",19,203,1,1,0,"908,000",0,203,0,0,0,"908,000",0,203,0,0,0,"908,000",0,203,0,0,0,"908,000",0,203,0,0,0,"908,000",0,203,0,0,0,"908,000",0,203,0,0,"38,000",19
162,마음의 고향,,,,,,,,,,0,"950,000",0,188,0,0,"82,000","1,032,000",19,207,1,1,0,"1,032,000",0,207,0,0,0,"1,032,000",0,207,0,0,0,"1,032,000",0,207,0,0,0,"1,032,000",0,207,0,0,0,"1,032,000",0,207,0,0,"82,000",19
162,번지점프를 하다,2001-02-02,한국,한국,눈엔터테인먼트(주),"이언픽쳐스,브에나비스타인터내셔널코리아",15세관람가,"드라마,판타지",김대승,"이은주,이병헌,김준호,장석원,강경희,강길찬,강단비,강대국,김원,최정훈,신재현,여현수,김윤오,홍수현,박준형,최낙권,유태욱,인용남,김성현,정대성,임성주,정영훈,정우진,임재근,최영준,김진주,양혜경,이원근,이충현,김용호,김준영,남궁민,기주봉,오지혜",0,"32,555,000",0,"4,055",0,0,"20,000","32,575,000",4,"4,059",1,1,0,"32,575,000",0,"4,059",0,0,0,"32,575,000",0,"4,059",0,0,"94,000","32,669,000",15,"4,074",1,1,0,"32,669,000",0,"4,074",0,0,0,"32,669,000",0,"4,074",0,0,"114,000",19
165,련희와 연희,2017-12-14,한국,한국,장풍E&M,M&M 인터내셔널,15세이상관람가,드라마,"최종구,손병조","이상희,서아연,윤은지,김주후,유상원,이정표","14,000","2,556,500",2,415,2,2,"14,000","2,570,500",2,417,2,2,"14,000","2,584,500",2,419,2,2,"14,000","2,598,500",2,421,2,2,"14,000","2,612,500",2,423,2,2,"20,000","2,632,500",5,428,3,3,"16,000","2,648,500",3,431,3,3,"106,000",18
165,베이 오브 엔젤,,프랑스,프랑스,,,,"드라마,멜로/로맨스",자크 드미,"잔느 모로,클로드 만","86,000","474,000",18,96,1,1,0,"474,000",0,96,0,0,0,"474,000",0,96,0,0,0,"474,000",0,96,0,0,0,"474,000",0,96,0,0,0,"474,000",0,96,0,0,0,"474,000",0,96,0,0,"86,000",18
167,제리 맥과이어,1997-02-01,미국,미국,트라이스타 픽쳐스,(주)피터팬픽쳐스,"고등학생이상관람가,15세이상관람가","드라마,코미디",카메론 크로우,"톰 크루즈,르네 젤위거,쿠바 구딩 주니어","110,500","37,480,900",17,"5,159",1,1,0,"37,480,900",0,"5,159",0,0,0,"37,480,900",0,"5,159",0,0,0,"37,480,900",0,"5,159",0,0,0,"37,480,900",0,"5,159",0,0,0,"37,480,900",0,"5,159",0,0,0,"37,480,900",0,"5,159",0,0,"110,500",17
168,너의 췌장을 먹고 싶어,2017-10-25,일본,일본,,(주)넥스트엔터테인먼트월드(NEW),12세이상관람가,드라마,츠키카와 쇼,"키타가와 케이코,오구리 슌,하마베 미나미,키타무라 타쿠미","10,000","3,705,128,800",3,"465,438",3,3,"5,000","3,705,133,800",1,"465,439",1,1,"15,000","3,705,148,800",2,"465,441",2,2,"5,000","3,705,153,800",1,"465,442",1,1,"45,000","3,705,198,800",5,"465,447",2,2,"25,000","3,705,223,800",3,"465,450",2,2,"5,000","3,705,228,800",1,"465,451",1,1,"110,000",16
168,마음이 외치고 싶어해,2017-12-07,일본,일본,,(주)스마일이엔티,12세이상관람가,드라마,쿠마자와 나오토,"나카지마 켄토,요시네 쿄코,이시이 안나,칸이치로",0,"44,052,100",0,"5,975",0,0,0,"44,052,100",0,"5,975",0,0,0,"44,052,100",0,"5,975",0,0,0,"44,052,100",0,"5,975",0,0,0,"44,052,100",0,"5,975",0,0,0,"44,052,100",0,"5,975",0,0,"95,000","44,147,100",16,"5,991",3,3,"95,000",16
168,첫키스만 50번째,2004-04-15,미국,미국,콜럼비아 픽쳐스 필름 프로덕션,"팝엔터테인먼트,한국소니픽쳐스릴리징브에나비스타영화㈜","15세관람가,15세이상관람가",코미디,피터 시걸,"아담 샌들러,드류 베리모어",0,"1,498,042,200",0,"220,265",0,0,0,"1,498,042,200",0,"220,265",0,0,"109,500","1,498,151,700",16,"220,281",1,1,0,"1,498,151,700",0,"220,281",0,0,0,"1,498,151,700",0,"220,281",0,0,0,"1,498,151,700",0,"220,281",0,0,0,"1,498,151,700",0,"220,281",0,0,"109,500",16
171,1월 단편 상상극장-김초희 단편전,,한국,한국,,,,기타,,,0,"280,000",0,35,0,0,0,"280,000",0,35,0,0,0,"280,000",0,35,0,0,0,"280,000",0,35,0,0,0,"280,000",0,35,0,0,0,"280,000",0,35,0,0,"120,000","400,000",15,50,1,1,"120,000",15
171,광인옥한흠,2017-12-28,한국,한국,파이오니아21,파이오니아21,전체관람가,다큐멘터리,김상철,옥한흠,"12,000","22,016,200",2,"2,921",1,1,"8,000","22,024,200",1,"2,922",1,1,0,"22,024,200",0,"2,922",0,0,0,"22,024,200",0,"2,922",0,0,"71,000","22,095,200",8,"2,930",2,2,"8,000","22,103,200",1,"2,931",1,1,"23,000","22,126,200",3,"2,934",1,1,"122,000",15
171,모데라토 칸타빌레,,,,,,,,,,0,"164,000",0,32,0,0,0,"164,000",0,32,0,0,0,"164,000",0,32,0,0,0,"164,000",0,32,0,0,0,"164,000",0,32,0,0,0,"164,000",0,32,0,0,"68,000","232,000",15,47,1,1,"68,000",15
171,히트,1996-08-10,미국,미국,워너브러더스 코리아(주),(주)영화사오원,"연소자관람불가,청소년관람불가","액션,범죄,드라마,스릴러",마이클 만,"로버트 드니로,알 파치노,발 킬머",0,"42,376,500",0,"5,462",0,0,0,"42,376,500",0,"5,462",0,0,"15,000","42,391,500",3,"5,465",1,1,0,"42,391,500",0,"5,465",0,0,0,"42,391,500",0,"5,465",0,0,0,"42,391,500",0,"5,465",0,0,"60,000","42,451,500",12,"5,477",1,1,"75,000",15
175,더티 해리3-집행자,1979-03-25,미국,미국,"더 말파소 컴퍼니,대동",,국민학생관람불가,"범죄,액션",제임스 파르고,"클린트 이스트우드,존 밋첨",0,"234,000",0,78,0,0,0,"234,000",0,78,0,0,"26,000","260,000",13,91,1,1,0,"260,000",0,91,0,0,0,"260,000",0,91,0,0,0,"260,000",0,91,0,0,0,"260,000",0,91,0,0,"26,000",13
175,아이엠 호프맨,2017-11-16,한국,한국,52DAYS FILM,52DAYS FILM,전체관람가,다큐멘터리,나현태,"임만호,김용순",0,"20,385,000",0,"2,810",0,0,0,"20,385,000",0,"2,810",0,0,"91,000","20,476,000",13,"2,823",1,1,0,"20,476,000",0,"2,823",0,0,0,"20,476,000",0,"2,823",0,0,0,"20,476,000",0,"2,823",0,0,0,"20,476,000",0,"2,823",0,0,"91,000",13
175,여자는 여자다,,프랑스,프랑스,,,,"코미디,드라마,멜로/로맨스",장 뤽 고다르,"안나 카리나,장 클로드 브리알리",0,"184,000",0,37,0,0,0,"184,000",0,37,0,0,0,"184,000",0,37,0,0,"70,000","254,000",13,50,1,1,0,"254,000",0,50,0,0,0,"254,000",0,50,0,0,0,"254,000",0,50,0,0,"70,000",13
175,우리는 같은 꿈을 꾼다,2017-11-30,헝가리,헝가리,,찬란,청소년관람불가,드라마,일디코 엔예디,"게자 모르산이,알렉상드라 보르벨리",0,"85,837,100",0,"11,002",0,0,0,"85,837,100",0,"11,002",0,0,0,"85,837,100",0,"11,002",0,0,0,"85,837,100",0,"11,002",0,0,"61,000","85,898,100",13,"11,015",1,1,0,"85,898,100",0,"11,015",0,0,0,"85,898,100",0,"11,015",0,0,"61,000",13
175,이것이 법이다,1974-08-15,미국,미국,워너브러더스사㈜,,청소년관람불가,"범죄,스릴러,액션",테드 포스트,"데이빗 소울,할 홀브룩,클린트 이스트우드",0,"167,000",0,53,0,0,"26,000","193,000",13,66,1,1,0,"193,000",0,66,0,0,0,"193,000",0,66,0,0,0,"193,000",0,66,0,0,0,"193,000",0,66,0,0,0,"193,000",0,66,0,0,"26,000",13
175,포세이돈 어드벤쳐 2,,미국,미국,,,,"액션,어드벤처",어윈 알렌,"마이클 케인,샐리 필드,피터 보일",0,0,0,0,0,0,0,0,0,0,0,0,0,0,0,0,0,0,0,0,0,0,0,0,"39,000","39,000",13,13,1,1,0,"39,000",0,13,0,0,0,"39,000",0,13,0,0,"39,000",13
181,블레이드 러너 2049,2017-10-12,미국,미국,,소니픽쳐스엔터테인먼트코리아주식회사극장배급지점,15세이상관람가,"SF,액션",드니 빌뇌브,"라이언 고슬링,해리슨 포드,아나 디 아르마스,실비아 획스,자레드 레토,데이브 바티스타,로빈 라이트,맥켄지 데이비스,레니 제임스,우드 해리스,데이빗 다스트말치안,카를라 주리,히암 압바스","26,000","2,764,300,365",4,"321,455",1,1,0,"2,764,300,365",0,"321,455",0,0,"35,000","2,764,335,365",5,"321,460",1,1,0,"2,764,335,365",0,"321,460",0,0,0,"2,764,335,365",0,"321,460",0,0,0,"2,764,335,365",0,"321,460",0,0,"19,000","2,764,354,365",3,"321,463",1,1,"80,000",12
181,학의 멈춰진 발걸음,,프랑스,"프랑스,그리스,이탈리아,스위스",,,,기타,테오도로스 앙겔로플로스,"마르첼로 마스트로얀니,잔느 모로",0,"138,000",0,32,0,0,0,"138,000",0,32,0,0,"56,000","194,000",12,44,1,1,0,"194,000",0,44,0,0,0,"194,000",0,44,0,0,0,"194,000",0,44,0,0,0,"194,000",0,44,0,0,"56,000",12
183,마라톤맨,1978-09-15,미국,미국,파라마운트 픽쳐스,,청소년관람불가,드라마,존 슐레진저,"더스틴 호프만,로렌스 올리비에,로이 샤이더",0,"392,000",0,76,0,0,0,"392,000",0,76,0,0,0,"392,000",0,76,0,0,0,"392,000",0,76,0,0,"56,000","448,000",11,87,1,1,0,"448,000",0,87,0,0,0,"448,000",0,87,0,0,"56,000",11
183,벤자민 버튼의 시간은 거꾸로 간다,2009-02-12,미국,미국,"파라마운트 픽쳐스,워너 브러더스 픽쳐스","(주)일레븐엔터테인먼트,워너브러더스 코리아(주)",12세이상관람가,"드라마,판타지",데이빗 핀처,"브래드 피트,케이트 블란쳇","61,000","11,483,574,300",11,"1,747,283",1,1,0,"11,483,574,300",0,"1,747,283",0,0,0,"11,483,574,300",0,"1,747,283",0,0,0,"11,483,574,300",0,"1,747,283",0,0,0,"11,483,574,300",0,"1,747,283",0,0,0,"11,483,574,300",0,"1,747,283",0,0,0,"11,483,574,300",0,"1,747,283",0,0,"61,000",11
183,시간 여행자의 아내,2009-10-28,미국,미국,뉴라인 시네마,"(주)일레븐엔터테인먼트,(주)넥스트엔터테인먼트월드(NEW)",12세이상관람가,"멜로/로맨스,드라마,SF",로베르트 슈벤트케,"에릭 바나,레이첼 맥아덤즈,진 윤",0,"5,424,768,100",0,"730,923",0,0,0,"5,424,768,100",0,"730,923",0,0,0,"5,424,768,100",0,"730,923",0,0,0,"5,424,768,100",0,"730,923",0,0,0,"5,424,768,100",0,"730,923",0,0,0,"5,424,768,100",0,"730,923",0,0,"73,000","5,424,841,100",11,"730,934",1,1,"73,000",11
183,페이퍼 문,,,,,,,,,,0,"452,000",0,95,0,0,0,"452,000",0,95,0,0,0,"452,000",0,95,0,0,"52,000","504,000",11,106,1,1,0,"504,000",0,106,0,0,0,"504,000",0,106,0,0,0,"504,000",0,106,0,0,"52,000",11
187,두처제2-무삭제,2018-01-19,한국,한국,스마일컨텐츠,스마일컨텐츠,청소년관람불가,멜로/로맨스,박주영,,0,0,0,0,0,0,0,0,0,0,0,0,"50,000","50,000",10,10,1,1,0,"50,000",0,10,0,0,0,"50,000",0,10,0,0,0,"50,000",0,10,0,0,0,"50,000",0,10,0,0,"50,000",10
188,다시 태어나도 우리,2017-09-27,한국,한국,"소나무필름,(주)프로섬",(주)엣나인필름,전체관람가,다큐멘터리,"문창용,전진",,0,"291,510,943",0,"37,461",0,0,0,"291,510,943",0,"37,461",0,0,0,"291,510,943",0,"37,461",0,0,0,"291,510,943",0,"37,461",0,0,0,"291,510,943",0,"37,461",0,0,"56,000","291,566,943",8,"37,469",1,1,0,"291,566,943",0,"37,469",0,0,"56,000",8
188,더 히어로,2018-02-01,미국,미국,,(주)디스테이션,15세이상관람가,"코미디,드라마",브렛 헤일리,"샘 엘리엇,로라 프레폰,크리스틴 리터",0,"1,440,000",0,180,0,0,0,"1,440,000",0,180,0,0,0,"1,440,000",0,180,0,0,0,"1,440,000",0,180,0,0,0,"1,440,000",0,180,0,0,0,"1,440,000",0,180,0,0,"60,000","1,500,000",8,188,1,1,"60,000",8
190,해피뻐스데이,2017-11-09,한국,한국,프로젝트 잉여,무브먼트,청소년관람불가,"드라마,코미디",이승원,"서갑숙,김선영,박지훈,양윤식,이승원,이주원",0,"3,217,500",0,485,0,0,0,"3,217,500",0,485,0,0,0,"3,217,500",0,485,0,0,0,"3,217,500",0,485,0,0,"55,000","3,272,500",7,492,1,1,0,"3,272,500",0,492,0,0,0,"3,272,500",0,492,0,0,"55,000",7
191,봉신연의: 영웅의 귀환,2016-09-22,홍콩,홍콩,,씨네그루(주)키다리이엔티,12세이상관람가,"판타지,액션",허안,"이연걸,판빙빙,안젤라 베이비,고천락,양가휘,문장","18,500","48,410,500",3,"6,378",1,1,0,"48,410,500",0,"6,378",0,0,"12,000","48,422,500",2,"6,380",1,1,0,"48,422,500",0,"6,380",0,0,0,"48,422,500",0,"6,380",0,0,0,"48,422,500",0,"6,380",0,0,0,"48,422,500",0,"6,380",0,0,"30,500",5
192,로마서 8:37,2017-11-16,한국,한국,(주) 루스이소니도스,(주) 루스이소니도스,15세이상관람가,드라마,신연식,"이현호,서동갑,조성우,허연정,홍성춘,박명신,전경수,이지민,최홍일,최종률,김다흰,김하연,이승훈,임수현","24,000","36,723,000",4,"4,876",1,1,0,"36,723,000",0,"4,876",0,0,0,"36,723,000",0,"4,876",0,0,0,"36,723,000",0,"4,876",0,0,0,"36,723,000",0,"4,876",0,0,0,"36,723,000",0,"4,876",0,0,0,"36,723,000",0,"4,876",0,0,"24,000",4
192,천녀유혼,2011-05-12,중국,중국,,씨너스엔터테인먼트(주),12세이상관람가,"SF,판타지,멜로/로맨스",엽위신,"유역비,고천락",0,"497,509,500",0,"66,353",0,0,0,"497,509,500",0,"66,353",0,0,0,"497,509,500",0,"66,353",0,0,0,"497,509,500",0,"66,353",0,0,"14,000","497,523,500",2,"66,355",1,1,"14,000","497,537,500",2,"66,357",1,1,0,"497,537,500",0,"66,357",0,0,"28,000",4
192,특수부대 전랑2,2017-11-30,중국,중국,,아이 엠,15세이상관람가,"액션,전쟁",오경,"오경,프랭크 그릴로","20,000","8,168,500",4,"1,248",1,1,0,"8,168,500",0,"1,248",0,0,0,"8,168,500",0,"1,248",0,0,0,"8,168,500",0,"1,248",0,0,0,"8,168,500",0,"1,248",0,0,0,"8,168,500",0,"1,248",0,0,0,"8,168,500",0,"1,248",0,0,"20,000",4
195,에드워드,2017-12-07,캐나다,캐나다,,(주)영화사 그램,15세이상관람가,"드라마,멜로/로맨스",카일 라이드아웃,"마이클 에크런드,사라 캐닝,찰리 캐릭,조디 발포어,조쉬 엡스테인,이안 트레이시,크리스토퍼 헤이어달,조나단 영","6,000","11,701,200",1,"1,637",1,1,0,"11,701,200",0,"1,637",0,0,"12,000","11,713,200",2,"1,639",1,1,0,"11,713,200",0,"1,639",0,0,0,"11,713,200",0,"1,639",0,0,0,"11,713,200",0,"1,639",0,0,0,"11,713,200",0,"1,639",0,0,"18,000",3
195,하이큐!! 재능과 센스,2017-11-15,일본,일본,,(주)이수C&E,12세이상관람가,애니메이션,미츠나카 스스무,,0,"309,784,500",0,"43,118",0,0,0,"309,784,500",0,"43,118",0,0,0,"309,784,500",0,"43,118",0,0,0,"309,784,500",0,"43,118",0,0,"15,000","309,799,500",3,"43,121",1,1,0,"309,799,500",0,"43,121",0,0,0,"309,799,500",0,"43,121",0,0,"15,000",3
197,더 크리스마스,2017-12-21,미국,미국,,소니픽쳐스엔터테인먼트코리아주식회사극장배급지점,전체관람가,"애니메이션,어드벤처",티모시 렉카트,"스티븐 연,지나 로드리게즈,재커리 레비,오프라 윈프리","18,000","486,356,000",2,"65,460",1,1,0,"486,356,000",0,"65,460",0,0,0,"486,356,000",0,"65,460",0,0,0,"486,356,000",0,"65,460",0,0,0,"486,356,000",0,"65,460",0,0,0,"486,356,000",0,"65,460",0,0,0,"486,356,000",0,"65,460",0,0,"18,000",2
197,부에나 비스타 소셜 클럽 2: 아디오스,2017-10-26,미국,"미국,쿠바",,글뫼 주식회사,12세이상관람가,다큐멘터리,루시 워커,,"12,000","31,662,000",2,"4,122",1,1,0,"31,662,000",0,"4,122",0,0,0,"31,662,000",0,"4,122",0,0,0,"31,662,000",0,"4,122",0,0,0,"31,662,000",0,"4,122",0,0,0,"31,662,000",0,"4,122",0,0,0,"31,662,000",0,"4,122",0,0,"12,000",2
197,소통과 거짓말,2017-11-09,한국,한국,프로젝트 잉여,무브먼트,청소년관람불가,드라마,이승원,"장선,김권후,김선영,박지훈,이승원",0,"3,372,600",0,529,0,0,0,"3,372,600",0,529,0,0,0,"3,372,600",0,529,0,0,0,"3,372,600",0,529,0,0,0,"3,372,600",0,529,0,0,"16,000","3,388,600",2,531,1,1,0,"3,388,600",0,531,0,0,"16,000",2
197,아오 오니,2018-01-04,일본,일본,,(주)박수엔터테인먼트,15세이상관람가,"애니메이션,공포(호러)",하마무라 토시로,,"5,000","4,363,000",1,584,2,2,"5,000","4,368,000",1,585,2,2,0,"4,368,000",0,585,0,0,0,"4,368,000",0,585,0,0,0,"4,368,000",0,585,0,0,0,"4,368,000",0,585,0,0,0,"4,368,000",0,585,0,0,"10,000",2
197,엘리스 헤지나,2017-12-07,브라질,브라질,,(주)드림팩트엔터테인먼트,15세이상관람가,드라마,휴고 프라타,"안드레이아 오르타,구스타보 마차도",0,"11,477,000",0,"1,552",0,0,0,"11,477,000",0,"1,552",0,0,0,"11,477,000",0,"1,552",0,0,0,"11,477,000",0,"1,552",0,0,0,"11,477,000",0,"1,552",0,0,0,"11,477,000",0,"1,552",0,0,"20,000","11,497,000",2,"1,554",1,1,"20,000",2
197,연변 아가씨의 맛섹사 - 감독판,2018-01-17,한국,한국,(주)케이알씨지,(주)케이알씨지,청소년관람불가,멜로/로맨스,이민,,"3,000","3,000",2,2,2,2,0,"3,000",0,2,0,0,0,"3,000",0,2,0,0,0,"3,000",0,2,0,0,0,"3,000",0,2,0,0,0,"3,000",0,2,0,0,0,"3,000",0,2,0,0,"3,000",2
197,윈드 리버,2017-09-14,미국,"미국,영국,캐나다",,(주)유로커뮤니케이션,15세이상관람가,"액션,스릴러",테일러 쉐리던,"제레미 레너,엘리자베스 올슨,존 번탈,이안 보헨,휴 딜런,질 버밍햄,에릭 랑쥬",0,"391,578,700",0,"50,817",0,0,0,"391,578,700",0,"50,817",0,0,0,"391,578,700",0,"50,817",0,0,0,"391,578,700",0,"50,817",0,0,0,"391,578,700",0,"50,817",0,0,0,"391,578,700",0,"50,817",0,0,"20,000","391,598,700",2,"50,819",1,1,"20,000",2
197,하이 스트렁,2018-01-04,미국,"미국,루마니아",,(주)영화사 진진,12세이상관람가,"드라마,멜로/로맨스",마이클 데미언,"키넌 캄파,니콜라스 갈리친",0,"12,731,500",0,"1,734",0,0,"14,000","12,745,500",2,"1,736",1,1,0,"12,745,500",0,"1,736",0,0,0,"12,745,500",0,"1,736",0,0,0,"12,745,500",0,"1,736",0,0,0,"12,745,500",0,"1,736",0,0,0,"12,745,500",0,"1,736",0,0,"14,000",2
205,남편보다 젊은 남자,2018-01-18,일본,일본,,(주)도키엔터테인먼트,청소년관람불가,성인물(에로),,,0,0,0,0,0,0,"6,000","6,000",1,1,1,1,0,"6,000",0,1,0,0,0,"6,000",0,1,0,0,0,"6,000",0,1,0,0,0,"6,000",0,1,0,0,0,"6,000",0,1,0,0,"6,000",1
205,백발마녀전: 명월천국,2014-10-01,중국,중국,,(주)누리픽쳐스,12세이상관람가,"판타지,멜로/로맨스",장지량,"황효명,판빙빙,조문탁",0,"15,910,000",0,"3,186",0,0,0,"15,910,000",0,"3,186",0,0,0,"15,910,000",0,"3,186",0,0,0,"15,910,000",0,"3,186",0,0,0,"15,910,000",0,"3,186",0,0,0,"15,910,000",0,"3,186",0,0,"7,000","15,917,000",1,"3,187",1,1,"7,000",1
205,비밀정사 : 작은엄마,2018-01-18,한국,한국,(주)영화사가을,(주)영화사가을,청소년관람불가,멜로/로맨스,이상민,,0,0,0,0,0,0,"6,000","6,000",1,1,1,1,0,"6,000",0,1,0,0,0,"6,000",0,1,0,0,0,"6,000",0,1,0,0,0,"6,000",0,1,0,0,0,"6,000",0,1,0,0,"6,000",1
205,빨간사과와 거유녀,2018-01-18,일본,일본,,(주)도키엔터테인먼트,청소년관람불가,성인물(에로),,,0,0,0,0,0,0,"6,000","6,000",1,1,1,1,0,"6,000",0,1,0,0,0,"6,000",0,1,0,0,0,"6,000",0,1,0,0,0,"6,000",0,1,0,0,0,"6,000",0,1,0,0,"6,000",1
205,사촌여동생 무삭제판,2018-01-17,한국,한국,케이제이픽처스,케이제이픽처스,청소년관람불가,,양호열,,"5,000","5,000",1,1,1,1,0,"5,000",0,1,0,0,0,"5,000",0,1,0,0,0,"5,000",0,1,0,0,0,"5,000",0,1,0,0,0,"5,000",0,1,0,0,0,"5,000",0,1,0,0,"5,000",1
205,새엄마는 전여친,2018-01-18,한국,한국,(주)영화사가을,(주)영화사가을,청소년관람불가,멜로/로맨스,이상민,,0,0,0,0,0,0,"6,000","6,000",1,1,1,1,0,"6,000",0,1,0,0,0,"6,000",0,1,0,0,0,"6,000",0,1,0,0,0,"6,000",0,1,0,0,0,"6,000",0,1,0,0,"6,000",1
205,아내의 불륜:아이를 낳고 싶어요,2018-01-19,일본,일본,,(주)영진크리에이티브,청소년관람불가,"멜로/로맨스,드라마",나가에 타카미,,0,0,0,0,0,0,0,0,0,0,0,0,"6,000","6,000",1,1,1,1,0,"6,000",0,1,0,0,0,"6,000",0,1,0,0,0,"6,000",0,1,0,0,0,"6,000",0,1,0,0,"6,000",1
205,영화관에서 당하는 여자들,2018-01-18,일본,일본,,(주)도키엔터테인먼트,청소년관람불가,성인물(에로),,,0,0,0,0,0,0,"6,000","6,000",1,1,1,1,0,"6,000",0,1,0,0,0,"6,000",0,1,0,0,0,"6,000",0,1,0,0,0,"6,000",0,1,0,0,0,"6,000",0,1,0,0,"6,000",1
205,욕구불만녀:많이 쌓였어요,2018-01-19,일본,일본,,(주)영진크리에이티브,청소년관람불가,"멜로/로맨스,드라마",토미 타로,,0,0,0,0,0,0,0,0,0,0,0,0,"6,000","6,000",1,1,1,1,0,"6,000",0,1,0,0,0,"6,000",0,1,0,0,0,"6,000",0,1,0,0,0,"6,000",0,1,0,0,"6,000",1
205,월하,2017-12-20,한국,한국,"(주)영화맞춤제작소 영화공장,블리트필름",(주)영화맞춤제작소 영화공장,15세이상관람가,"공포(호러),미스터리,스릴러",오인천,"윤진영,정성훈,김준섭,오인천","3,000","1,211,500",1,167,1,1,0,"1,211,500",0,167,0,0,0,"1,211,500",0,167,0,0,0,"1,211,500",0,167,0,0,0,"1,211,500",0,167,0,0,0,"1,211,500",0,167,0,0,0,"1,211,500",0,167,0,0,"3,000",1
205,유니폼을 벗은 관리인,2018-01-18,일본,일본,,(주)도키엔터테인먼트,청소년관람불가,성인물(에로),,,0,0,0,0,0,0,"6,000","6,000",1,1,1,1,0,"6,000",0,1,0,0,0,"6,000",0,1,0,0,0,"6,000",0,1,0,0,0,"6,000",0,1,0,0,0,"6,000",0,1,0,0,"6,000",1
205,젊은 아내: 남편 교환의 날 (무삭제),2018-01-22,한국,한국,(주)소나무픽쳐스,(주)소나무픽쳐스,청소년관람불가,멜로/로맨스,이진,,0,0,0,0,0,0,0,0,0,0,0,0,0,0,0,0,0,0,0,0,0,0,0,0,0,0,0,0,0,0,"5,000","5,000",1,1,1,1,0,"5,000",0,1,0,0,"5,000",1
205,정사 : 시아버지와 도련님,2018-01-18,한국,한국,(주)영화사가을,(주)영화사가을,청소년관람불가,멜로/로맨스,이상민,,0,0,0,0,0,0,"6,000","6,000",1,1,1,1,0,"6,000",0,1,0,0,0,"6,000",0,1,0,0,0,"6,000",0,1,0,0,0,"6,000",0,1,0,0,0,"6,000",0,1,0,0,"6,000",1
205,착한 형수 2 무삭제,2018-01-23,한국,한국,(주)영화사 사계절,(주)영화사 사계절,청소년관람불가,멜로/로맨스,곽영근,"이채담,조용복",0,0,0,0,0,0,0,0,0,0,0,0,0,0,0,0,0,0,0,0,0,0,0,0,0,0,0,0,0,0,0,0,0,0,0,0,"6,000","6,000",1,1,1,1,"6,000",1
205,친구엄마 : 섹스 하던 날,2018-01-18,한국,한국,(주)영화사가을,(주)영화사가을,청소년관람불가,멜로/로맨스,이상민,미즈미 사키,0,0,0,0,0,0,"6,000","6,000",1,1,1,1,0,"6,000",0,1,0,0,0,"6,000",0,1,0,0,0,"6,000",0,1,0,0,0,"6,000",0,1,0,0,0,"6,000",0,1,0,0,"6,000",1
205,퀸 크랩,2018-01-23,미국,미국,,주식회사 레드아이스,15세이상관람가,SF,브렛 파이퍼,,0,0,0,0,0,0,0,0,0,0,0,0,0,0,0,0,0,0,0,0,0,0,0,0,0,0,0,0,0,0,0,0,0,0,0,0,"3,000","3,000",1,1,1,1,"3,000",1
205,프레스,2017-11-30,한국,한국,씨네마캣 픽쳐스,레드무비,15세이상관람가,드라마,최정민,"진용욱,목규리,김경옥,문수현,송상훈","7,000","1,544,500",1,373,1,1,0,"1,544,500",0,373,0,0,0,"1,544,500",0,373,0,0,0,"1,544,500",0,373,0,0,0,"1,544,500",0,373,0,0,0,"1,544,500",0,373,0,0,0,"1,544,500",0,373,0,0,"7,000",1
205,허락받은 불륜섹스,2018-01-19,일본,일본,,(주)영진크리에이티브,청소년관람불가,"멜로/로맨스,드라마",카신 아츠코,,0,0,0,0,0,0,0,0,0,0,0,0,"6,000","6,000",1,1,1,1,0,"6,000",0,1,0,0,0,"6,000",0,1,0,0,0,"6,000",0,1,0,0,0,"6,000",0,1,0,0,"6,000",1
223,4인의 프로페셔날,,,,,,,,,,0,0,0,0,0,0,0,0,0,0,0,0,0,0,0,0,0,0,0,0,0,0,0,0,0,0,0,0,0,0,0,0,0,0,0,0,0,0,0,0,1,1,0,0
223,갈대,,영국,영국,,,,"범죄,드라마,스릴러",바실 디어든,"지나 롤로브리지다,숀 코네리,랄프 리차드슨,알렉산더 녹스",0,"1,144,000",0,465,0,0,0,"1,144,000",0,465,0,0,0,"1,144,000",0,465,0,0,0,"1,144,000",0,465,0,0,0,"1,144,000",0,465,0,0,0,"1,144,000",0,465,1,1,0,"1,144,000",0,465,0,0,0,0
223,두라라 승진기,,중국,중국,,,청소년관람불가,"멜로/로맨스,드라마",서정뢰,"막문위,오패자,서정뢰",0,"1,738,500",0,211,0,0,0,"1,738,500",0,211,0,0,0,"1,738,500",0,211,0,0,0,"1,738,500",0,211,0,0,0,"1,738,500",0,211,0,0,0,"1,738,500",0,211,0,0,0,"1,738,500",0,211,1,1,0,0
223,샤넬과 스트라빈스키,2011-08-25,프랑스,"프랑스,일본,스위스",,(주)씨타마운틴픽쳐스,청소년관람불가,"드라마,멜로/로맨스",얀 쿠넹,"안나 무글라리스,매드 미켈슨",0,"97,954,500",0,"12,762",0,0,0,"97,954,500",0,"12,762",0,0,0,"97,954,500",0,"12,762",0,0,0,"97,954,500",0,"12,762",0,0,0,"97,954,500",0,"12,762",0,0,0,"97,954,500",0,"12,762",1,1,0,"97,954,500",0,"12,762",0,0,0,0
223,서부의 사나이,,미국,미국,,,,"서부극(웨스턴),멜로/로맨스",안소니 만,"게리 쿠퍼,줄리 런던",0,0,0,0,0,0,0,0,0,0,0,0,0,0,0,0,0,0,0,0,0,0,0,0,0,0,0,0,0,0,0,0,0,0,0,0,0,0,0,0,1,1,0,0
223,아이반호,,,,,,,,,,0,0,0,0,0,0,0,0,0,0,0,0,0,0,0,0,0,0,0,0,0,0,0,0,0,0,0,0,0,0,0,0,0,0,0,0,0,0,0,0,1,1,0,0
223,주성치와 함께라면+무직비디오,,한국,한국,,,,기타,금태경,,0,0,0,0,0,0,0,0,0,0,0,0,0,0,0,0,0,0,0,0,0,0,1,1,0,0,0,0,0,0,0,0,0,0,0,0,0,0,0,0,0,0,0,0
223,진주 귀걸이를 한 소녀,2004-09-03,영국,영국,아처엔터테인먼트,"(주)영화사 진진,필름뱅크(주)","15세관람가,15세이상관람가","드라마,멜로/로맨스",피터 웨버,"스칼렛 요한슨,콜린 퍼스,톰 윌킨슨,킬리언 머피",0,"333,737,500",0,"49,812",0,0,0,"333,737,500",0,"49,812",0,0,0,"333,737,500",0,"49,812",1,1,0,"333,737,500",0,"49,812",0,0,0,"333,737,500",0,"49,812",0,0,0,"333,737,500",0,"49,812",0,0,0,"333,737,500",0,"49,812",0,0,0,0
223,차타레부인의 사랑,1981-08-01,프랑스,"프랑스,영국,독일",,,연소자관람불가,"드라마,멜로/로맨스,성인물(에로)",쥐스트 쟈깽,"실비아 크리스텔,앤 미첼,쉐인 브라이언트",0,"3,285,000",0,"1,437",0,0,0,"3,285,000",0,"1,437",0,0,0,"3,285,000",0,"1,437",0,0,0,"3,285,000",0,"1,437",0,0,0,"3,285,000",0,"1,437",0,0,0,"3,285,000",0,"1,437",0,0,0,"3,285,000",0,"1,437",1,1,0,0
223,페세이지,1979-07-05,미국,미국,,,국민학생관람불가,액션,J. 리 톰슨,"안소니 퀸,제임스 매드슨,크리스토퍼 리,말콤 맥도웰",0,"233,000",0,83,0,0,0,"233,000",0,83,0,0,0,"233,000",0,83,0,0,0,"233,000",0,83,0,0,0,"233,000",0,83,0,0,0,"233,000",0,83,1,1,0,"233,000",0,83,0,0,0,0
합계,,,,,,,,,,,"4,838,995,500","624,211,214,185","639,116","78,244,416","5,580","17,007","4,286,356,700","628,497,570,885","570,617","78,815,033","5,799","17,165","5,218,597,680","633,716,168,565","624,168","79,439,201","5,786","17,497","10,732,901,283","644,449,069,848","1,280,894","80,720,095","5,980","18,091","9,915,127,400","654,364,197,248","1,186,691","81,906,786","5,932","17,664","3,054,942,200","657,419,139,448","403,681","82,310,467","5,502","16,817","3,057,840,600","660,476,980,048","406,658","82,717,125","5,698","16,786","41,104,761,363","5,111,825"
